player_name,player_id,club_name,club_id,season_id,season,Age,Pos,xG_match,citizenship,foot,from_club_id,from_club_name,City,
Brenden Aaronson,393323,1. FC Union Berlin,89,2023,23/24,22,"MF,FW",0.14,['United States'],right,399,Leeds, Leeds,
Paxten Aaronson,795738,Eintracht Frankfurt,24,2023,23/24,19,MF,0.11,['United States'],right,499,Vitesse, Arnhem,
Junior Adamu,452477,SC Freiburg,60,2023,23/24,22,"FW,MF",0.05,['Austria'],right,409,RB Salzburg, Salzburg,
Faride Alidou,456492,1. FC K√∂ln,3,2023,23/24,22,"FW,MF",0.21,['Germany' 'Togo'],right,24,Eintracht Frankfurt, Frankfurt,
Skelly Alvero,855134,Werder Bremen,86,2023,23/24,21,MF,0.24,['France' 'Angola'],right,1041,Olympique Lyon, Lyon,
Nadiem Amiri,232454,1. FSV Mainz 05,39,2023,23/24,26,MF,0.15,['Germany' 'Afghanistan'],right,15,Bayer 04 Leverkusen, Leverkusen,
Arthur,977464,Bayer 04 Leverkusen,15,2023,23/24,20,DF,0.04,['Brazil'],right,2863,Am√©rica-MG, Brazil,
Aymen Barkok,315332,1. FSV Mainz 05,39,2023,23/24,25,"MF,FW",0.48,['Morocco' 'Germany'],right,44,Hertha Berlin, Berlin,
Daniel Batz,90317,1. FSV Mainz 05,39,2023,23/24,32,GK,0,['Germany'],both,1,Saarbr√ºcken, Saarbr¸cken,
Elias Baum,744857,Eintracht Frankfurt,24,2023,23/24,17,"DF,MF",0,['Germany'],right,177,E. Frankfurt II, Frankfurt,
Christoph Baumgartner,324278,RB Leipzig,23826,2023,23/24,23,"MF,FW",0.28,['Austria'],right,533,TSG 1899 Hoffenheim, Sinsheim,
Chris Bedia,294791,1. FC Union Berlin,89,2023,23/24,27,"FW,MF",0.13,"[""Cote d'Ivoire"" 'France']",left,61,Servette FC, Geneva,
Donny van de Beek,288255,Eintracht Frankfurt,24,2023,23/24,26,"MF,FW",0.02,['Netherlands'],right,985,Man Utd, Manchester,
Kevin Behrens,117432,VfL Wolfsburg,82,2023,23/24,32,FW,0.23,['Germany'],both,89,1. FC Union Berlin, Berlin,
Ramy Bensebaini,284732,Borussia Dortmund,16,2023,23/24,28,DF,0.15,['Algeria'],left,18,Borussia M√∂nchengladbach, Mˆnchengladbach,
Mergim Berisha,307924,TSG 1899 Hoffenheim,533,2023,23/24,25,FW,0.32,['Germany'],right,167,FC Augsburg, Augsburg,
Mergim Berisha,307924,FC Augsburg,167,2023,23/24,25,FW,0.13,['Germany'],right,36,Fenerbahce, Istanbul,
Bernardo,364258,VfL Bochum,80,2023,23/24,28,DF,0.06,['Brazil'],left,409,RB Salzburg, Salzburg,
Pep Biel,263804,FC Augsburg,167,2023,23/24,26,"MF,FW",0.32,['Spain'],left,683,Olympiacos, Piraeus,
Sacha Boey,475413,Bayern Munich,27,2023,23/24,22,DF,0.2,['France' 'Cameroon'],right,141,Galatasaray, Istanbul,
Victor Boniface,656681,Bayer 04 Leverkusen,15,2023,23/24,22,FW,0.9,['Nigeria'],right,3948,Union SG, Brussels,
Leonardo Bonucci,39983,1. FC Union Berlin,89,2023,23/24,36,DF,0.15,['Italy'],right,506,Juventus, Turin,
Yvandro Borges Sanches,586659,Borussia M√∂nchengladbach,18,2023,23/24,19,"MF,FW",0,['Luxembourg' 'Cape Verde'],right,467,NEC Nijmegen, Nijmegen,
Rafael Borr√©,323831,Werder Bremen,86,2023,23/24,27,FW,0.22,['Colombia'],right,24,Eintracht Frankfurt, Frankfurt,
Tim Breithaupt,569457,FC Augsburg,167,2023,23/24,21,MF,0.01,['Germany'],right,48,Karlsruher SC, Karlsruhe,
Marius B√ºlter,116088,TSG 1899 Hoffenheim,533,2023,23/24,30,"DF,FW",0.1,['Germany'],right,33,FC Schalke 04, Gelsenkirchen,
Oliver Burke,341317,Werder Bremen,86,2023,23/24,26,FW,0,['Scotland'],right,337,Birmingham, Birmingham,
Irvin Cardona,342226,FC Augsburg,167,2023,23/24,25,"MF,DF",0.33,['France' 'Malta'],right,618,Saint-√âtienne,…tienne ,
Rasmus Carstensen,542697,1. FC K√∂ln,3,2023,23/24,22,"DF,FW",0.05,['Denmark'],right,1184,KRC Genk, Genk,
El Chadaille Bitshiabu,787912,RB Leipzig,23826,2023,23/24,18,"DF,MF",0,['France' 'DR Congo'],left,583,Paris SG, Paris,
Fabio Chiarodia,724104,Borussia M√∂nchengladbach,18,2023,23/24,18,DF,0,['Italy' 'Germany'],left,86,Werder Bremen, Bremen,
Jacob Christensen,515017,1. FC K√∂ln,3,2023,23/24,22,MF,0.01,['Denmark'],right,2778,Nordsjaelland, Farum,
Nnamdi Collins,684315,Eintracht Frankfurt,24,2023,23/24,19,DF,0,['Germany' 'Nigeria'],right,17,B. Dortmund II, Dortmund,
Bambas√© Cont√©,574193,TSG 1899 Hoffenheim,533,2023,23/24,20,"MF,FW",0.34,['Germany' 'Guinea'],,983,Hoffenheim II, Hoffenheim,
Nicolas Cozza,485965,VfL Wolfsburg,82,2023,23/24,24,DF,0.01,['France' 'Italy'],left,995,FC Nantes, Nantes,
Finn Dahmen,251299,FC Augsburg,167,2023,23/24,25,GK,0,['Germany' 'England'],right,39,1. FSV Mainz 05, Mainz,
Mahmoud Dahoud,191422,VfB Stuttgart,79,2023,23/24,27,MF,0.22,['Germany' 'Syria'],right,1237,Brighton, Brighton,
Lukas Daschner,334213,VfL Bochum,80,2023,23/24,24,"MF,FW",0.39,['Germany'],both,35,FC St. Pauli, Hamburg,
David Datro Fofana,787232,1. FC Union Berlin,89,2023,23/24,20,"FW,MF",0.37,"[""Cote d'Ivoire""]",right,631,Chelsea, London,
Olivier Deman,621802,Werder Bremen,86,2023,23/24,23,DF,0.07,['Belgium'],left,520,Cercle Brugge, Bruges,
Sepp van den Berg,541231,1. FSV Mainz 05,39,2023,23/24,21,DF,0.08,['Netherlands'],right,31,Liverpool, Liverpool,
Justin Diehl,720162,1. FC K√∂ln,3,2023,23/24,18,"FW,MF",0.12,['Germany' 'Ghana'],right,438,1.FC K√∂ln II, Cologne,
Eric Dier,175722,Bayern Munich,27,2023,23/24,29,DF,0.05,['England' 'Portugal'],right,148,Tottenham, London,
Junior Dina Ebimbe,536482,Eintracht Frankfurt,24,2023,23/24,22,"MF,DF",0.23,['France' 'Cameroon'],right,583,Paris SG, Paris,
Eren Dink√ßi,645774,1. FC Heidenheim,2036,2023,23/24,21,"FW,MF",0.15,['T√ºrkiye' 'Germany'],right,86,Werder Bremen, Bremen,
Nikola Dovedan,120189,1. FC Heidenheim,2036,2023,23/24,29,"MF,FW",0.26,['Austria'],right,14,Austria Vienna, Vienna,
Damion Downs,820241,1. FC K√∂ln,3,2023,23/24,19,"FW,MF",0.51,['Germany' 'United States'],right,1461,1.FC K√∂ln U19, Cologne,
Max Finkgr√§fe,810649,1. FC K√∂ln,3,2023,23/24,19,"DF,FW",0.05,['Germany'],left,1461,1.FC K√∂ln U19, Cologne,
Niclas F√ºllkrug,75489,Borussia Dortmund,16,2023,23/24,30,FW,0.5,['Germany'],right,86,Werder Bremen, Bremen,
Anwar El Ghazi,183720,1. FSV Mainz 05,39,2023,23/24,28,"MF,DF",0.22,['Netherlands' 'Morocco'],right,515,Without Club, N/A,
Benedikt Gimber,227084,1. FC Heidenheim,2036,2023,23/24,26,DF,0.06,['Germany'],left,109,J. Regensburg, Regensburg,
Robin Gosens,273132,1. FC Union Berlin,89,2023,23/24,29,"DF,MF",0.08,['Germany' 'Netherlands'],left,46,Inter Milan, Milan,
Florian Grillitsch,195736,TSG 1899 Hoffenheim,533,2023,23/24,27,"DF,MF",0.05,['Austria'],right,610,Ajax, Amsterdam,
Rapha√´l Guerreiro,170986,Bayern Munich,27,2023,23/24,29,"DF,MF",0.18,['Portugal' 'France'],left,16,Borussia Dortmund, Dortmund,
Josuha Guilavogui,93704,1. FSV Mainz 05,39,2023,23/24,32,DF,0,['France' 'Guinea'],right,515,Without Club, N/A,
Serhou Guirassy,270541,VfB Stuttgart,79,2023,23/24,27,FW,0.85,['Guinea' 'France'],right,273,Stade Rennais, Rennes,
Robin Hack,284010,Borussia M√∂nchengladbach,18,2023,23/24,24,"FW,MF",0.26,['Germany'],right,10,Arminia Bielefeld, Bielefeld,
Isak Hansen-Aar√∏en,670116,Werder Bremen,86,2023,23/24,18,MF,0,['Norway'],right,9251,Man Utd U21, Manchester,
Dominique Heintz,110036,1. FC K√∂ln,3,2023,23/24,29,DF,0,['Germany'],left,89,1. FC Union Berlin, Berlin,
Jonas Hofmann,7161,Bayer 04 Leverkusen,15,2023,23/24,31,MF,0.24,['Germany'],right,18,Borussia M√∂nchengladbach, Mˆnchengladbach,
Benedict Hollerbach,453870,1. FC Union Berlin,89,2023,23/24,22,"FW,MF",0.24,['Germany'],right,108,Wehen Wiesbaden, Wiesbaden,
Gerrit Holtmann,190289,Darmstadt 98,105,2023,23/24,28,"MF,FW",0.14,['Philippines' 'Germany'],left,80,VfL Bochum, Bochum,
Franck Honorat,229006,Borussia M√∂nchengladbach,18,2023,23/24,26,"DF,FW",0.06,['France'],right,3911,Stade Brestois, Brest,
Fraser Hornby,388160,Darmstadt 98,105,2023,23/24,23,"FW,MF",0.27,['Scotland' 'England'],right,1421,Stade Reims, Reims,
Borja Iglesias,278359,Bayer 04 Leverkusen,15,2023,23/24,30,FW,0.48,['Spain'],right,150,Real Betis, Seville,
Moritz Jenz,460245,VfL Wolfsburg,82,2023,23/24,24,DF,0.02,['Germany'],right,1158,FC Lorient, Lorient,
Julian Justvan,324861,TSG 1899 Hoffenheim,533,2023,23/24,25,"FW,MF",0.07,['Germany'],left,105,Darmstadt 98, Darmstadt,
Julian Justvan,324861,TSG 1899 Hoffenheim,533,2023,23/24,25,"FW,MF",0.07,['Germany'],left,127,SC Paderborn 07, Paderborn,
Julian Justvan,324861,Darmstadt 98,105,2023,23/24,25,"MF,FW",0.08,['Germany'],left,533,TSG 1899 Hoffenheim, Hoffenheim,
Sasa Kalajdzic,369567,Eintracht Frankfurt,24,2023,23/24,26,FW,0.05,['Austria'],right,543,Wolves, Wolverhampton,
Harry Kane,132098,Bayern Munich,27,2023,23/24,30,FW,0.97,['England'],right,148,Tottenham, London,
Mikkel Kaufmann,545332,1. FC Union Berlin,89,2023,23/24,22,FW,0.24,['Denmark'],right,190,FC Copenhagen, Copenhagen,
Naby Ke√Øta,302215,Werder Bremen,86,2023,23/24,28,"MF,DF",0.09,['Guinea'],right,31,Liverpool, Liverpool,
Aljoscha Kemlein,692737,1. FC Union Berlin,89,2023,23/24,18,MF,0.14,['Germany'],right,35,FC St. Pauli, Hamburg,
Aljoscha Kemlein,692737,1. FC Union Berlin,89,2023,23/24,18,MF,0.14,['Germany'],right,7802,U. Berlin U19, Berlin,
Christoph Klarer,346849,Darmstadt 98,105,2023,23/24,23,DF,0.05,['Austria'],right,38,Fortuna D√ºsseldorf, D¸sseldorf,
Ansgar Knauff,429874,Eintracht Frankfurt,24,2023,23/24,21,"MF,DF",0.24,['Germany' 'Ghana'],right,16,Borussia Dortmund, Dortmund,
Robin Koch,328784,Eintracht Frankfurt,24,2023,23/24,27,DF,0.1,['Germany'],right,399,Leeds, Leeds,
Mert K√∂m√ºr,777005,FC Augsburg,167,2023,23/24,18,"MF,DF",0.15,['Germany' 'T√ºrkiye'],both,4780,FC Augsburg U19, Augsburg,
Matej Kovar,550829,Bayer 04 Leverkusen,15,2023,23/24,23,GK,0,['Czech Republic'],right,985,Man Utd, Manchester,
Dawid Kownacki,208167,Werder Bremen,86,2023,23/24,26,FW,0.31,['Poland'],right,38,Fortuna D√ºsseldorf, D¸sseldorf,
Frans Kr√§tzig,604320,Bayern Munich,27,2023,23/24,20,DF,0.42,['Germany'],left,14,Austria Vienna, Vienna,
Frans Kr√§tzig,604320,Bayern Munich,27,2023,23/24,20,DF,0.42,['Germany'],left,28,FC Bayern II, Munich,
Tom Krau√ü,405687,1. FSV Mainz 05,39,2023,23/24,22,MF,0.05,['Germany'],right,23826,RB Leipzig, Leipzig,
Moritz-Broni Kwarteng,316575,VfL Bochum,80,2023,23/24,25,FW,0.33,['Germany' 'Ghana'],both,187,Magdeburg, Magdeburg,
Konrad Laimer,223967,Bayern Munich,27,2023,23/24,26,"DF,MF",0.05,['Austria'],right,23826,RB Leipzig, Leipzig,
Hugo Larsson,931838,Eintracht Frankfurt,24,2023,23/24,19,MF,0.06,['Sweden'],right,496,Malm√∂ FF, Malmˆ,
Diogo Leite,357156,1. FC Union Berlin,89,2023,23/24,24,DF,0.03,['Portugal'],left,720,FC Porto, Porto,
Christopher Lenz,159844,RB Leipzig,23826,2023,23/24,28,"DF,MF",0,['Germany'],left,24,Eintracht Frankfurt, Frankfurt,
Jamie Leweling,518505,VfB Stuttgart,79,2023,23/24,22,"FW,MF",0.36,['Germany' 'Ghana'],both,89,1. FC Union Berlin, Berlin,
Noah Loosli,265209,VfL Bochum,80,2023,23/24,26,DF,0,['Switzerland'],right,504,Grasshoppers, Zurich,
Castello Lukeba,618472,RB Leipzig,23826,2023,23/24,20,DF,0.03,['France' 'Angola'],left,1041,Olympique Lyon, Lyon,
Andreas Luthe,41323,VfL Bochum,80,2023,23/24,36,GK,0,['Germany'],right,2,1. FC Kaiserslautern, Kaiserslautern,
Senne Lynen,338668,Werder Bremen,86,2023,23/24,24,MF,0.02,['Belgium'],right,3948,Union SG, Brussels,
Ian Maatsen,485585,Borussia Dortmund,16,2023,23/24,21,DF,0.07,['Netherlands' 'Suriname'],left,631,Chelsea, London,
Matej Maglica,433388,Darmstadt 98,105,2023,23/24,24,DF,0.03,['Croatia'],left,79,VfB Stuttgart, Stuttgart,
Lovro Majer,387106,VfL Wolfsburg,82,2023,23/24,25,"MF,FW",0.23,['Croatia'],left,273,Stade Rennais, Rennes,
Jordy Makengo,815078,SC Freiburg,60,2023,23/24,21,DF,0.02,['France' 'DR Congo'],left,245,SC Freiburg II, Freiburg,
Juli√°n Malatini,830108,Werder Bremen,86,2023,23/24,22,DF,0.15,['Argentina'],right,2402,Defensa, Buenos Aires,
Omar Marmoush,445939,Eintracht Frankfurt,24,2023,23/24,24,"FW,MF",0.46,['Egypt' 'Canada'],right,82,VfL Wolfsburg, Wolfsburg,
Philipp Max,111275,Eintracht Frankfurt,24,2023,23/24,29,DF,0.02,['Germany'],left,383,PSV Eindhoven, Eindhoven,
Kevin Mbabu,183321,FC Augsburg,167,2023,23/24,28,DF,0.01,['Switzerland' 'DR Congo'],right,931,Fulham, London,
Sven Michel,186988,FC Augsburg,167,2023,23/24,33,"FW,MF",0.37,['Germany'],left,89,1. FC Union Berlin, Berlin,
Maximilian Mittelst√§dt,282660,VfB Stuttgart,79,2023,23/24,26,DF,0.04,['Germany'],left,44,Hertha Berlin, Berlin,
Max Moerstedt,923595,TSG 1899 Hoffenheim,533,2023,23/24,,"DF,FW",0,['Germany'],right,8925,Hoffenheim U19, Hoffenheim,
Andreas M√ºller,438315,Darmstadt 98,105,2023,23/24,23,MF,0.03,['Germany'],right,187,Magdeburg, Magdeburg,
Florent Muslija,337036,SC Freiburg,60,2023,23/24,25,"MF,FW",0.06,['Kosovo' 'Germany'],right,127,SC Paderborn 07, Paderborn,
Phillipp Mwene,127573,1. FSV Mainz 05,39,2023,23/24,29,DF,0.06,['Austria' 'Kenya'],right,383,PSV Eindhoven, Eindhoven,
Jessic Ngankam,448177,1. FSV Mainz 05,39,2023,23/24,23,"FW,MF",0.29,['Germany' 'Cameroon'],right,24,Eintracht Frankfurt, Frankfurt,
Jessic Ngankam,448177,Eintracht Frankfurt,24,2023,23/24,23,FW,0.48,['Germany' 'Cameroon'],right,39,1. FSV Mainz 05, Mainz,
Jessic Ngankam,448177,Eintracht Frankfurt,24,2023,23/24,23,FW,0.48,['Germany' 'Cameroon'],right,44,Hertha Berlin, Berlin,
Niels Nkounkou,591193,Eintracht Frankfurt,24,2023,23/24,22,"DF,MF",0.09,['France' 'Congo'],left,618,Saint-√âtienne,…tienne ,…tienne
Felix Nmecha,406640,Borussia Dortmund,16,2023,23/24,22,MF,0.15,['Germany' 'England'],right,82,VfL Wolfsburg, Wolfsburg,
Alexander N√ºbel,195778,VfB Stuttgart,79,2023,23/24,26,GK,0,['Germany'],right,27,Bayern Munich, Munich,
Fabian N√ºrnberger,349433,Darmstadt 98,105,2023,23/24,24,"DF,MF",0.05,['Germany' 'Bulgaria'],left,4,1. FC N√ºrnberg, Nuremberg,
Masaya Okugawa,307052,FC Augsburg,167,2023,23/24,27,"FW,DF",0,['Japan'],both,10,Arminia Bielefeld, Bielefeld,
Masaya Okugawa,307052,FC Augsburg,167,2023,23/24,27,"FW,DF",0,['Japan'],both,41,Hamburger SV, Hamburg,
Mathias Olesen,490581,1. FC K√∂ln,3,2023,23/24,22,"MF,FW",0.02,['Luxembourg' 'Denmark'],both,322,Yverdon Sport, Yverdon,Bains
Lo√Øs Openda,368887,RB Leipzig,23826,2023,23/24,23,FW,0.74,['Belgium' 'Morocco'],right,826,Lens, Lens,
Leon Opitz,825073,Werder Bremen,86,2023,23/24,18,"FW,DF",0,['Germany'],left,2491,W. Bremen U19, Bremen,
Willian Pacho,661171,Eintracht Frankfurt,24,2023,23/24,21,DF,0.04,['Ecuador'],left,1096,Royal Antwerp, Antwerp,
Gon√ßalo Paci√™ncia,181547,VfL Bochum,80,2023,23/24,28,"FW,MF",0.41,['Portugal'],right,940,Celta de Vigo, Vigo,
Felix Passlack,274461,VfL Bochum,80,2023,23/24,25,DF,0.08,['Germany'],right,16,Borussia Dortmund, Dortmund,
Aleksandar Pavlovic,792380,Bayern Munich,27,2023,23/24,19,MF,0.09,['Germany' 'Serbia'],both,28,FC Bayern II, Munich,
Daniel Peretz,468539,Bayern Munich,27,2023,23/24,23,GK,0,['Israel' 'Germany'],right,119,M. Tel Aviv, Tel Aviv,
Luca Pfeiffer,232463,Darmstadt 98,105,2023,23/24,26,"FW,MF",0.26,['Germany'],right,79,VfB Stuttgart, Stuttgart,
Patric Pfeiffer,391742,FC Augsburg,167,2023,23/24,23,DF,0.09,['Ghana' 'Germany'],right,105,Darmstadt 98, Darmstadt,
Maximilian Philipp,143891,SC Freiburg,60,2023,23/24,29,"FW,MF",0.14,['Germany'],right,82,VfL Wolfsburg, Wolfsburg,
Marvin Pieringer,471055,1. FC Heidenheim,2036,2023,23/24,23,"MF,FW",0.14,['Germany'],right,33,FC Schalke 04, Gelsenkirchen,
Ole Pohlmann,405690,Borussia Dortmund,16,2023,23/24,22,MF,0.09,['Germany'],right,17,B. Dortmund II, Dortmund,
Sebastian Polter,60957,Darmstadt 98,105,2023,23/24,32,FW,0.2,['Germany'],right,33,FC Schalke 04, Gelsenkirchen,
Marco Richter,279009,1. FSV Mainz 05,39,2023,23/24,25,"MF,FW",0.24,['Germany'],right,44,Hertha Berlin, Berlin,
Rog√©rio,401527,VfL Wolfsburg,82,2023,23/24,25,DF,0.03,['Brazil' 'Italy'],left,6574,Sassuolo, Sassuolo,
Anthony Rouault,690799,VfB Stuttgart,79,2023,23/24,22,DF,0.01,['France'],right,415,Toulouse, Toulouse,
Marcel Sabitzer,106987,Borussia Dortmund,16,2023,23/24,29,MF,0.16,['Austria'],right,27,Bayern Munich, Munich,
Jadon Sancho,401173,Borussia Dortmund,16,2023,23/24,23,"FW,MF",0.07,['England' 'Jamaica'],right,985,Man Utd, Manchester,
Amin Sarr,748382,VfL Wolfsburg,82,2023,23/24,22,"FW,MF",0.13,['Sweden' 'Senegal'],right,1041,Olympique Lyon, Lyon,
Keven Schlotterbeck,413843,VfL Bochum,80,2023,23/24,26,DF,0.08,['Germany'],left,60,SC Freiburg, Freiburg,
Alexander Schwolow,93763,1. FC Union Berlin,89,2023,23/24,31,GK,0,['Germany'],right,44,Hertha Berlin, Berlin,
Nicolas Seiwald,404950,RB Leipzig,23826,2023,23/24,22,MF,0,['Austria'],right,409,RB Salzburg, Salzburg,
Tim Siersleben,337092,1. FC Heidenheim,2036,2023,23/24,23,DF,0.02,['Germany'],left,82,VfL Wolfsburg, Wolfsburg,
Xavi Simons,566931,RB Leipzig,23826,2023,23/24,20,MF,0.28,['Netherlands' 'Suriname'],right,583,Paris SG, Paris,
Tim Skarke,287920,Darmstadt 98,105,2023,23/24,26,"FW,DF",0.13,['Germany'],right,89,1. FC Union Berlin, Berlin,
Ellyes Skhiri,290587,Eintracht Frankfurt,24,2023,23/24,28,MF,0.1,['Tunisia' 'France'],right,3,1. FC K√∂ln, Cologne,
Anton Stach,344069,TSG 1899 Hoffenheim,533,2023,23/24,24,MF,0.07,['Germany'],both,39,1. FSV Mainz 05, Mainz,
Leonidas Stergiou,507345,VfB Stuttgart,79,2023,23/24,21,DF,0.05,['Switzerland' 'Greece'],right,257,FC St. Gallen, St. Gallen,
Angelo Stiller,443710,VfB Stuttgart,79,2023,23/24,22,MF,0.05,['Germany'],left,533,TSG 1899 Hoffenheim, Hoffenheim,
Attila Szalai,263380,TSG 1899 Hoffenheim,533,2023,23/24,25,DF,0,['Hungary'],left,36,Fenerbahce, Istanbul,
Attila Szalai,263380,TSG 1899 Hoffenheim,533,2023,23/24,25,DF,0,['Hungary'],left,60,SC Freiburg, Freiburg,
Attila Szalai,263380,SC Freiburg,60,2023,23/24,25,DF,0,['Hungary'],left,533,TSG 1899 Hoffenheim, Hoffenheim,
Nathan Tella,340322,Bayer 04 Leverkusen,15,2023,23/24,24,"DF,MF",0.38,['Nigeria' 'England'],right,180,Southampton, Southampton,
Phillip Tietz,288340,FC Augsburg,167,2023,23/24,26,FW,0.31,['Germany'],right,105,Darmstadt 98, Darmstadt,
Tiago Tom√°s,616344,VfL Wolfsburg,82,2023,23/24,21,"FW,MF",0.23,['Portugal'],right,336,Sporting CP, Lisbon,
Lucas Tousart,353948,1. FC Union Berlin,89,2023,23/24,26,MF,0.09,['France'],right,44,Hertha Berlin, Berlin,
Omar Traor√©,388294,1. FC Heidenheim,2036,2023,23/24,25,DF,0.01,['Germany'],right,81,VfL Osnabr√ºck, Osnabr¸ck,
Lukas Ullrich,787151,Borussia M√∂nchengladbach,18,2023,23/24,19,"DF,FW",0,['Germany'],left,45,Hertha BSC II, Berlin,
Deniz Undav,339314,VfB Stuttgart,79,2023,23/24,27,"FW,MF",0.65,['Germany' 'T√ºrkiye'],right,1237,Brighton, Brighton,
Yorbe Vertessen,409517,1. FC Union Berlin,89,2023,23/24,22,"FW,MF",0.41,['Belgium'],right,383,PSV Eindhoven, Eindhoven,
Kevin Vogt,84435,1. FC Union Berlin,89,2023,23/24,31,DF,0,['Germany'],right,533,TSG 1899 Hoffenheim, Hoffenheim,
Kevin Volland,82009,1. FC Union Berlin,89,2023,23/24,31,"FW,MF",0.36,['Germany'],left,162,Monaco, Monaco,
Luca Waldschmidt,196095,1. FC K√∂ln,3,2023,23/24,27,"MF,FW",0.23,['Germany'],left,82,VfL Wolfsburg, Wolfsburg,
Wout Weghorst,228645,TSG 1899 Hoffenheim,533,2023,23/24,30,FW,0.33,['Netherlands'],right,1132,Burnley, Burnley,
Julian Weigl,196792,Borussia M√∂nchengladbach,18,2023,23/24,27,MF,0.08,['Germany'],right,294,Benfica, Lisbon,
Timo Werner,170527,RB Leipzig,23826,2023,23/24,27,"FW,MF",1.02,['Germany'],right,148,Tottenham, London,
Maximilian Wittek,196793,VfL Bochum,80,2023,23/24,27,"DF,FW",0.11,['Germany'],left,499,Vitesse, Arnhem,
Maximilian W√∂ber,263361,Borussia M√∂nchengladbach,18,2023,23/24,25,DF,0.06,['Austria'],left,399,Leeds, Leeds,
Granit Xhaka,111455,Bayer 04 Leverkusen,15,2023,23/24,30,MF,0.06,['Switzerland'],left,11,Arsenal, London,
Bryan Zaragoza,713644,Bayern Munich,27,2023,23/24,22,"FW,MF",0.23,['Spain'],right,16795,Granada CF, Granada,
Paxten Aaronson,795738,Eintracht Frankfurt,24,2022,22/23,18,"MF,DF",0.09,['United States'],right,25467,Philadelphia, Philadelphia,
Sargis Adamyan,125614,1. FC K√∂ln,3,2022,22/23,29,"FW,MF",0.47,['Armenia'],right,533,TSG 1899 Hoffenheim, Hoffenheim,
Karim Adeyemi,496094,Borussia Dortmund,16,2022,22/23,20,"FW,MF",0.33,['Germany' 'Nigeria'],left,409,RB Salzburg, Salzburg,
Ludovic Ajorque,283994,1. FSV Mainz 05,39,2022,22/23,28,"FW,MF",0.34,['France' 'R√©union'],left,667,R. Strasbourg, Strasbourg,
Lucas Alario,193782,Eintracht Frankfurt,24,2022,22/23,29,"FW,MF",0.39,['Argentina' 'Italy'],right,15,Bayer 04 Leverkusen, Leverkusen,
Faride Alidou,456492,Eintracht Frankfurt,24,2022,22/23,21,"DF,MF",0.05,['Germany' 'Togo'],right,41,Hamburger SV, Hamburg,
Angeli√±o,277179,TSG 1899 Hoffenheim,533,2022,22/23,25,DF,0.04,['Spain'],left,23826,RB Leipzig, Leipzig,
Sanoussy Ba,717346,RB Leipzig,23826,2022,22/23,18,DF,0,['Germany' 'Senegal'],both,26621,RB Leipzig U19, Leipzig,
Aymen Barkok,315332,1. FSV Mainz 05,39,2022,22/23,24,MF,0.08,['Morocco' 'Germany'],right,24,Eintracht Frankfurt, Frankfurt,
Maximilian Bauer,388363,FC Augsburg,167,2022,22/23,22,DF,0.08,['Germany'],right,65,Greuther F√ºrth, F¸rth,
Julian Baumgartlinger,34787,FC Augsburg,167,2022,22/23,34,MF,0.04,['Austria'],right,15,Bayer 04 Leverkusen, Leverkusen,
Mergim Berisha,307924,FC Augsburg,167,2022,22/23,24,FW,0.43,['Germany'],right,36,Fenerbahce, Istanbul,
Janis Blaswich,81173,RB Leipzig,23826,2022,22/23,31,GK,0,['Germany'],right,1304,Heracles Almelo, Almelo,
Daley Blind,12282,Bayern Munich,27,2022,22/23,32,"DF,MF",0.04,['Netherlands' 'England'],left,610,Ajax, Amsterdam,
Jean-Paul Bo√´tius,182574,Hertha Berlin,44,2022,22/23,28,MF,0.05,['Netherlands' 'Suriname'],right,39,1. FSV Mainz 05, Mainz,
Yvandro Borges Sanches,586659,Borussia M√∂nchengladbach,18,2022,22/23,18,"FW,MF",0.34,['Luxembourg' 'Cape Verde'],right,4121,M'gladbach U19, Mˆnchengladbach,
Moritz Broschinski,406973,VfL Bochum,80,2022,22/23,21,"FW,MF",0.54,['Germany'],right,17,B. Dortmund II, Dortmund,
C√©dric Brunner,147038,FC Schalke 04,33,2022,22/23,28,DF,0.01,['Switzerland'],right,10,Arminia Bielefeld, Bielefeld,
Lee Buchanan,532539,Werder Bremen,86,2022,22/23,21,"DF,FW",0.06,['England'],left,22,Derby, Derby,
Delano Burgzorg,436585,1. FSV Mainz 05,39,2022,22/23,23,"FW,MF",0.06,['Netherlands' 'Suriname'],right,1304,Heracles Almelo, Almelo,
Oliver Burke,341317,Werder Bremen,86,2022,22/23,25,"FW,MF",0.35,['Scotland'],right,350,Sheff Utd, Sheffield,
Oliver Burke,341317,Werder Bremen,86,2022,22/23,25,"FW,MF",0.35,['Scotland'],right,1028,Millwall, London,
Aur√©lio Buta,258039,Eintracht Frankfurt,24,2022,22/23,25,DF,0.04,['Portugal' 'Angola'],right,1096,Royal Antwerp, Antwerp,
Anthony Caci,453016,1. FSV Mainz 05,39,2022,22/23,25,DF,0.03,['France'],right,667,R. Strasbourg, Strasbourg,
Kerim Calhanoglu,553905,FC Schalke 04,33,2022,22/23,19,DF,0.04,['Germany' 'T√ºrkiye'],left,254,SV Sandhausen, Sandhausen,
Jo√£o Cancelo,182712,Bayern Munich,27,2022,22/23,28,"DF,FW",0.06,['Portugal'],right,281,Man City, Manchester,
Irvin Cardona,342226,FC Augsburg,167,2022,22/23,24,"MF,FW",0.52,['France' 'Malta'],right,3911,Stade Brestois, Brest,
Tolga Ciƒüerci,94199,Hertha Berlin,44,2022,22/23,30,MF,0.03,['T√ºrkiye' 'Germany'],right,868,Ankarag√ºc√º, Ankara,
Danny da Costa,85906,1. FSV Mainz 05,39,2022,22/23,29,DF,0.04,['Germany' 'Angola'],right,24,Eintracht Frankfurt, Frankfurt,
Nicolas Cozza,485965,VfL Wolfsburg,82,2022,22/23,23,DF,0,['France' 'Italy'],left,969,Montpellier, Montpellier,
Muhammed Damar,789898,TSG 1899 Hoffenheim,533,2022,22/23,18,MF,0.06,['Germany' 'T√ºrkiye'],both,5372,Frankfurt U19, Frankfurt,
Thomas Delaney,91849,TSG 1899 Hoffenheim,533,2022,22/23,30,MF,0.03,['Denmark' 'United States'],left,368,Sevilla FC, Seville,
Sepp van den Berg,541231,FC Schalke 04,33,2022,22/23,20,DF,0.08,['Netherlands'],right,31,Liverpool, Liverpool,
Abdou Diallo,229005,RB Leipzig,23826,2022,22/23,26,"DF,MF",0.07,['Senegal' 'France'],left,583,Paris SG, Paris,
Florian Dietz,283871,1. FC K√∂ln,3,2022,22/23,23,FW,0.57,['Germany'],right,438,1.FC K√∂ln II, Cologne,
Junior Dina Ebimbe,536482,Eintracht Frankfurt,24,2022,22/23,21,"DF,MF",0.31,['France' 'Cameroon'],right,583,Paris SG, Paris,
Ritsu Doan,358504,SC Freiburg,60,2022,22/23,24,"MF,FW",0.26,['Japan'],left,383,PSV Eindhoven, Eindhoven,
Danilho Doekhi,387047,1. FC Union Berlin,89,2022,22/23,24,DF,0.08,['Netherlands' 'Suriname'],right,499,Vitesse, Arnhem,
Kasper Dolberg,283196,TSG 1899 Hoffenheim,533,2022,22/23,24,"FW,MF",0.11,['Denmark'],right,417,OGC Nice, Nice,
Ondrej Duda,232418,1. FC K√∂ln,3,2022,22/23,27,MF,0.1,['Slovakia'],right,276,Hellas Verona, Verona,
Julien Duranville,819215,Borussia Dortmund,16,2022,22/23,16,MF,0.06,['Belgium'],right,58,RSC Anderlecht, Anderlecht,
Julian Eitschberger,706617,Hertha Berlin,44,2022,22/23,18,FW,0,['Germany'],right,2827,Hertha BSC U19, Berlin,
Chidera Ejuke,500067,Hertha Berlin,44,2022,22/23,24,"FW,MF",0.15,['Nigeria'],right,2410,CSKA Moscow, Moscow,
Arne Engels,565435,FC Augsburg,167,2022,22/23,18,MF,0.04,['Belgium'],right,43560,Club NXT, Bruges,
Tjark Ernst,553282,Hertha Berlin,44,2022,22/23,19,GK,0,['Germany'],both,3862,VfL Bochum U19, Bochum,
Kilian Fischer,435796,VfL Wolfsburg,82,2022,22/23,21,"DF,FW",0.06,['Germany'],both,4,1. FC N√ºrnberg, Nuremberg,
Florian Flick,596881,FC Schalke 04,33,2022,22/23,22,MF,0.01,['Germany'],both,4,1. FC N√ºrnberg, Nuremberg,
Philipp F√∂rster,179635,VfL Bochum,80,2022,22/23,27,MF,0.1,['Germany'],left,79,VfB Stuttgart, Stuttgart,
Raphael Framberger,146163,FC Augsburg,167,2022,22/23,26,"DF,FW",0,['Germany'],right,254,SV Sandhausen, Sandhausen,
Oscar Fraulo,610428,Borussia M√∂nchengladbach,18,2022,22/23,18,"FW,MF",0,['Denmark' 'Italy'],right,865,FC Midtjylland, Herning,
Michael Frey,147043,FC Schalke 04,33,2022,22/23,28,FW,0.18,['Switzerland'],right,1096,Royal Antwerp, Antwerp,
Angelo Fulgini,250013,1. FSV Mainz 05,39,2022,22/23,25,MF,0.1,"['France' ""Cote d'Ivoire""]",right,826,Lens, Lens,
Angelo Fulgini,250013,1. FSV Mainz 05,39,2022,22/23,25,MF,0.1,"['France' ""Cote d'Ivoire""]",right,1420,Angers SCO, Angers,
Matthias Ginter,124502,SC Freiburg,60,2022,22/23,28,DF,0.06,['Germany'],right,18,Borussia M√∂nchengladbach, Mˆnchengladbach,
Mario G√∂tze,74842,Eintracht Frankfurt,24,2022,22/23,30,MF,0.11,['Germany'],right,383,PSV Eindhoven, Eindhoven,
Ryan Gravenberch,478573,Bayern Munich,27,2022,22/23,20,MF,0.14,['Netherlands' 'Suriname'],right,610,Ajax, Amsterdam,
Michael Gregoritsch,120205,SC Freiburg,60,2022,22/23,28,FW,0.42,['Austria'],left,167,FC Augsburg, Augsburg,
Leo Greiml,434110,FC Schalke 04,33,2022,22/23,21,DF,0.03,['Austria'],right,170,Rapid Vienna, Vienna,
Lennart Grill,309397,1. FC Union Berlin,89,2022,22/23,23,GK,0,['Germany'],right,15,Bayer 04 Leverkusen, Leverkusen,
Brajan Gruda,700106,1. FSV Mainz 05,39,2022,22/23,18,MF,0,['Germany' 'Albania'],left,5369,Mainz 05 U19, Mainz,
Serhou Guirassy,270541,VfB Stuttgart,79,2022,22/23,26,FW,0.59,['Guinea' 'France'],right,273,Stade Rennais, Rennes,
Janik Haberer,177779,1. FC Union Berlin,89,2022,22/23,28,MF,0.13,['Germany'],right,60,SC Freiburg, Freiburg,
S√©bastien Haller,181375,Borussia Dortmund,16,2022,22/23,28,FW,0.62,"[""Cote d'Ivoire"" 'France']",right,610,Ajax, Amsterdam,
Andreas Hanche-Olsen,370683,1. FSV Mainz 05,39,2022,22/23,25,DF,0.03,['Norway'],right,157,KAA Gent, Ghent,
Genki Haraguchi,79377,VfB Stuttgart,79,2022,22/23,31,MF,0.03,['Japan'],right,89,1. FC Union Berlin, Berlin,
Thorgan Hazard,102226,Borussia Dortmund,16,2022,22/23,29,"FW,DF",0.26,['Belgium'],right,383,PSV Eindhoven, Eindhoven,
Dominique Heintz,110036,VfL Bochum,80,2022,22/23,28,DF,0.04,['Germany'],left,89,1. FC Union Berlin, Berlin,
Philipp Hofmann,119037,VfL Bochum,80,2022,22/23,29,FW,0.3,['Germany'],left,48,Karlsruher SC, Karlsruhe,
Jannes Horn,231586,VfL Bochum,80,2022,22/23,25,"DF,FW",0,['Germany'],left,3,1. FC K√∂ln, Cologne,
Jannes Horn,231586,VfL Bochum,80,2022,22/23,25,"DF,FW",0,['Germany'],left,4,1. FC N√ºrnberg, Nuremberg,
Callum Hudson-Odoi,392768,Bayer 04 Leverkusen,15,2022,22/23,21,"FW,MF",0.03,['England' 'Ghana'],right,631,Chelsea, London,
Denis Huseinbasic,678479,1. FC K√∂ln,3,2022,22/23,21,"MF,FW",0.27,['Bosnia-Herzegovina' 'Germany'],right,107,K. Offenbach, Offenbach,
Marcus Ingvartsen,269878,1. FSV Mainz 05,39,2022,22/23,26,"FW,MF",0.57,['Denmark'],left,89,1. FC Union Berlin, Berlin,
Ko Itakura,355816,Borussia M√∂nchengladbach,18,2022,22/23,25,DF,0.03,['Japan'],right,281,Man City, Manchester,
Hiroki Ito,353892,VfB Stuttgart,79,2022,22/23,23,DF,0.03,['Japan'],left,937,J√∫bilo Iwata, Iwata,
Saidy Janko,196435,VfL Bochum,80,2022,22/23,26,DF,0,['The Gambia' 'Switzerland'],right,366,Real Valladolid, Valladolid,
Moritz Jenz,460245,FC Schalke 04,33,2022,22/23,23,DF,0.1,['Germany'],right,1158,FC Lorient, Lorient,
Ozan Kabak,361260,TSG 1899 Hoffenheim,533,2022,22/23,22,DF,0.05,['T√ºrkiye'],right,33,FC Schalke 04, Gelsenkirchen,
Wilfried Kanga,395523,Hertha Berlin,44,2022,22/23,24,FW,0.21,"[""Cote d'Ivoire"" 'France']",right,452,BSC Young Boys, Bern,
Kenan Karaman,119557,FC Schalke 04,33,2022,22/23,28,FW,0.23,['T√ºrkiye' 'Germany'],right,114,Besiktas, Istanbul,
Thomas Kastanaras,675565,VfB Stuttgart,79,2022,22/23,19,"FW,DF",0.32,['Germany' 'Greece'],,2517,Stuttgart U19, Stuttgart,
Jonjoe Kenny,258883,Hertha Berlin,44,2022,22/23,25,DF,0.01,['England'],right,29,Everton, Liverpool,
Luca Kilian,384553,1. FC K√∂ln,3,2022,22/23,22,DF,0.09,['Germany'],right,39,1. FSV Mainz 05, Mainz,
Dominik Kohr,118847,1. FSV Mainz 05,39,2022,22/23,28,MF,0.09,['Germany'],right,24,Eintracht Frankfurt, Frankfurt,
Randal Kolo Muani,487969,Eintracht Frankfurt,24,2022,22/23,23,FW,0.45,['France' 'DR Congo'],right,995,FC Nantes, Nantes,
Timoth√©e Kolodziejczak,84085,FC Schalke 04,33,2022,22/23,30,DF,0,['France' 'Poland'],left,515,Without Club, N/A,
Soichiro Kozuki,405393,FC Schalke 04,33,2022,22/23,21,"FW,MF",0.26,['Japan'],right,34,Schalke 04 II, Gelsenkirchen,
Tom Krau√ü,405687,FC Schalke 04,33,2022,22/23,21,MF,0.08,['Germany'],right,23826,RB Leipzig, Leipzig,
Pierre Kunde,339829,VfL Bochum,80,2022,22/23,27,"MF,FW",0.08,['Cameroon'],right,683,Olympiacos, Piraeus,
Alou Kuol,748070,VfB Stuttgart,79,2022,22/23,21,FW,0,['Australia' 'Southern Sudan'],right,102,Stuttgart II, Stuttgart,
A√Øssa La√Ødouni,233782,1. FC Union Berlin,89,2022,22/23,25,MF,0.09,['Tunisia' 'France'],right,279,Ferencv√°ros, Budapest,
Jordan Larsson,308552,FC Schalke 04,33,2022,22/23,25,"FW,MF",0.24,['Sweden' 'Cape Verde'],left,190,FC Copenhagen, Copenhagen,
Jordan Larsson,308552,FC Schalke 04,33,2022,22/23,25,"FW,MF",0.24,['Sweden' 'Cape Verde'],left,232,Spartak Moscow, Moscow,
Diogo Leite,357156,1. FC Union Berlin,89,2022,22/23,23,DF,0.03,['Portugal'],left,720,FC Porto, Porto,
Maxim Leitsch,334207,1. FSV Mainz 05,39,2022,22/23,24,DF,0.02,['Germany'],left,80,VfL Bochum, Bochum,
Jamie Leweling,518505,1. FC Union Berlin,89,2022,22/23,21,"FW,MF",0.22,['Germany' 'Ghana'],both,65,Greuther F√ºrth, F¸rth,
Matthijs de Ligt,326031,Bayern Munich,27,2022,22/23,22,DF,0.04,['Netherlands'],right,506,Juventus, Turin,
Arne Maier,296397,FC Augsburg,167,2022,22/23,23,MF,0.07,['Germany'],right,44,Hertha Berlin, Berlin,
Linton Maina,335103,1. FC K√∂ln,3,2022,22/23,23,"FW,MF",0.19,['Germany' 'Kenya'],right,42,Hannover 96, Hanover,
Sadio Man√©,200512,Bayern Munich,27,2022,22/23,30,"FW,MF",0.56,['Senegal'],right,31,Liverpool, Liverpool,
Myziane Maolida,371142,Hertha Berlin,44,2022,22/23,23,"FW,MF",0,['Comoros' 'France'],right,1421,Stade Reims, Reims,
Eric Martel,597000,1. FC K√∂ln,3,2022,22/23,20,MF,0.08,['Germany'],right,23826,RB Leipzig, Leipzig,
Konstantinos Mavropanos,415912,VfB Stuttgart,79,2022,22/23,24,DF,0.16,['Greece'],right,11,Arsenal, London,
Philipp Max,111275,Eintracht Frankfurt,24,2022,22/23,28,DF,0.09,['Germany'],left,383,PSV Eindhoven, Eindhoven,
Noussair Mazraoui,340456,Bayern Munich,27,2022,22/23,24,DF,0.09,['Morocco' 'Netherlands'],right,610,Ajax, Amsterdam,
Noah Mbamba,743395,Bayer 04 Leverkusen,15,2022,22/23,17,MF,0,['Belgium'],right,2282,Club Brugge, Bruges,
Alexander Meyer,76158,Borussia Dortmund,16,2022,22/23,31,GK,0,['Germany'],right,109,J. Regensburg, Regensburg,
Anthony Modeste,50512,Borussia Dortmund,16,2022,22/23,34,FW,0.48,['France' 'Martinique'],right,3,1. FC K√∂ln, Cologne,
Tobias Mohr,153661,FC Schalke 04,33,2022,22/23,26,"DF,MF",0.07,['Germany'],left,2036,1. FC Heidenheim, Heidenheim,
Clinton Mola,470594,VfB Stuttgart,79,2022,22/23,21,DF,0,['England' 'DR Congo'],left,164,Blackburn, Blackburn,
Florent Mollet,222859,FC Schalke 04,33,2022,22/23,30,MF,0.08,['France'],right,969,Montpellier, Montpellier,
Jessic Ngankam,448177,Hertha Berlin,44,2022,22/23,22,"FW,MF",0.45,['Germany' 'Cameroon'],right,65,Greuther F√ºrth, F¸rth,
Florian Niederlechner,152963,Hertha Berlin,44,2022,22/23,31,FW,0.26,['Germany'],right,167,FC Augsburg, Augsburg,
Hugo Novoa,668276,RB Leipzig,23826,2022,22/23,19,"DF,FW",0.43,['Spain'],right,26,FC Basel, Basel,
√òrjan Nyland,73517,RB Leipzig,23826,2022,22/23,31,GK,0,['Norway'],right,515,Without Club, N/A,
Tim Oermann,696164,VfL Bochum,80,2022,22/23,18,DF,0,['Germany'],right,3862,VfL Bochum U19, Bochum,
Tim Oermann,696164,VfL Bochum,80,2022,22/23,18,DF,0,['Germany'],right,4441,Wolfsberger AC, Wolfsberg,
Finn Ole Becker,334999,TSG 1899 Hoffenheim,533,2022,22/23,22,MF,0.07,['Germany'],left,35,FC St. Pauli, Hamburg,
Jonas Omlin,247915,Borussia M√∂nchengladbach,18,2022,22/23,28,GK,0,['Switzerland'],right,969,Montpellier, Montpellier,
Ivan Ordets,118850,VfL Bochum,80,2022,22/23,30,DF,0.05,['Ukraine'],right,121,Dynamo Moscow, Moscow,
Jordi Osei-Tutu,397099,VfL Bochum,80,2022,22/23,23,"DF,FW",0.08,['England' 'Ghana'],right,9249,Arsenal U21, London,
Thomas Ouwejan,241477,FC Schalke 04,33,2022,22/23,25,DF,0.01,['Netherlands'],left,1090,AZ Alkmaar, Alkmaar,
Salih √ñzcan,244940,Borussia Dortmund,16,2022,22/23,24,MF,0.03,['T√ºrkiye' 'Germany'],right,3,1. FC K√∂ln, Cologne,
Milo≈° Pantoviƒá,232144,1. FC Union Berlin,89,2022,22/23,26,MF,0.6,['Serbia' 'Germany'],right,80,VfL Bochum, Bochum,
Paulinho,428791,Bayer 04 Leverkusen,15,2022,22/23,22,FW,0.58,['Brazil'],right,330,Atl√©tico-MG,MG ,
Kristian Pedersen,331779,1. FC K√∂ln,3,2022,22/23,27,DF,0.03,['Denmark'],left,337,Birmingham, Birmingham,
Luca Pellegrini,346567,Eintracht Frankfurt,24,2022,22/23,23,DF,0.09,['Italy'],left,506,Juventus, Turin,
Ricardo Pepi,627207,FC Augsburg,167,2022,22/23,19,FW,0.09,['United States' 'Mexico'],right,202,FC Groningen, Groningen,
Luca Pfeiffer,232463,VfB Stuttgart,79,2022,22/23,25,FW,0.21,['Germany'],right,865,FC Midtjylland, Herning,
Maximilian Philipp,143891,VfL Wolfsburg,82,2022,22/23,28,FW,0.05,['Germany'],right,86,Werder Bremen, Bremen,
Maximilian Philipp,143891,Werder Bremen,86,2022,22/23,28,"FW,MF",0.4,['Germany'],right,82,VfL Wolfsburg, Wolfsburg,
Amos Pieper,334221,Werder Bremen,86,2022,22/23,24,DF,0.03,['Germany'],right,10,Arminia Bielefeld, Bielefeld,
Sebastian Polter,60957,FC Schalke 04,33,2022,22/23,31,FW,0.28,['Germany'],right,80,VfL Bochum, Bochum,
Stefan Posch,223974,TSG 1899 Hoffenheim,533,2022,22/23,25,DF,0,['Austria'],right,1025,Bologna, Bologna,
Grischa Pr√∂mel,234029,TSG 1899 Hoffenheim,533,2022,22/23,27,MF,0.16,['Germany'],right,89,1. FC Union Berlin, Berlin,
Tymoteusz Puchacz,361575,1. FC Union Berlin,89,2022,22/23,23,DF,0,['Poland'],left,265,Panathinaikos, Athens,
Eduardo Quaresma,504073,TSG 1899 Hoffenheim,533,2022,22/23,20,DF,0,['Portugal'],right,336,Sporting CP, Lisbon,
Nicolai Rapp,185427,Werder Bremen,86,2022,22/23,25,"MF,DF",0.1,['Germany'],right,2,1. FC Kaiserslautern, Kaiserslautern,
David Raum,318204,RB Leipzig,23826,2022,22/23,24,"DF,MF",0.03,['Germany'],left,533,TSG 1899 Hoffenheim, Hoffenheim,
Rocco Reitz,467434,Borussia M√∂nchengladbach,18,2022,22/23,20,MF,0,['Germany'],right,475,Sint-Truiden,Truiden ,Truiden
Agust√≠n Rogel,456535,Hertha Berlin,44,2022,22/23,24,DF,0.05,['Uruguay' 'Italy'],right,288,Estudiantes LP, La Plata,
Merlin R√∂hl,608832,SC Freiburg,60,2022,22/23,20,"MF,FW",0,['Germany'],right,4795,FC Ingolstadt, Ingolstadt,
Tom Rothe,798043,Borussia Dortmund,16,2022,22/23,17,DF,0.26,['Germany'],left,1464,B. Dortmund U19, Dortmund,
J√©r√¥me Roussillon,127076,1. FC Union Berlin,89,2022,22/23,29,DF,0.05,['Guadeloupe' 'France'],left,82,VfL Wolfsburg, Wolfsburg,
Julian Ryerson,370789,Borussia Dortmund,16,2022,22/23,24,DF,0.03,['Norway' 'United States'],right,89,1. FC Union Berlin, Berlin,
Marcel Sabitzer,106987,Bayern Munich,27,2022,22/23,28,MF,0.15,['Austria'],right,985,Man Utd, Manchester,
Kevin Schade,473050,SC Freiburg,60,2022,22/23,20,"FW,MF",0.12,['Germany' 'Nigeria'],right,1148,Brentford, Brentford,
Derry Scherhant,820957,Hertha Berlin,44,2022,22/23,19,"FW,MF",0.06,['Germany'],right,45,Hertha BSC II, Berlin,
Xaver Schlager,223979,RB Leipzig,23826,2022,22/23,24,MF,0.02,['Austria'],left,82,VfL Wolfsburg, Wolfsburg,
Keven Schlotterbeck,413843,SC Freiburg,60,2022,22/23,25,DF,0,['Germany'],left,80,VfL Bochum, Bochum,
Keven Schlotterbeck,413843,VfL Bochum,80,2022,22/23,25,DF,0.19,['Germany'],left,60,SC Freiburg, Freiburg,
Nico Schlotterbeck,388198,Borussia Dortmund,16,2022,22/23,22,DF,0.06,['Germany'],left,60,SC Freiburg, Freiburg,
Kenneth Schmidt,527276,SC Freiburg,60,2022,22/23,20,DF,0,['Germany'],left,245,SC Freiburg II, Freiburg,
Alexander Schwolow,93763,FC Schalke 04,33,2022,22/23,30,GK,0,['Germany'],right,44,Hertha Berlin, Berlin,
Paul Seguin,183780,1. FC Union Berlin,89,2022,22/23,27,MF,0.16,['Germany'],right,65,Greuther F√ºrth, F¸rth,
Davie Selke,178459,1. FC K√∂ln,3,2022,22/23,27,FW,0.35,['Germany'],right,44,Hertha Berlin, Berlin,
Eniss Shabani,663189,1. FSV Mainz 05,39,2022,22/23,19,MF,0,['Albania' 'Germany'],both,851,FSV Mainz 05 II, Mainz,
Tim Skarke,287920,1. FC Union Berlin,89,2022,22/23,25,"DF,MF",0.39,['Germany'],right,33,FC Schalke 04, Gelsenkirchen,
Tim Skarke,287920,1. FC Union Berlin,89,2022,22/23,25,"DF,MF",0.39,['Germany'],right,105,Darmstadt 98, Darmstadt,
Tim Skarke,287920,FC Schalke 04,33,2022,22/23,25,"FW,MF",0.11,['Germany'],right,89,1. FC Union Berlin, Berlin,
Nikola Soldo,674921,1. FC K√∂ln,3,2022,22/23,21,DF,0.1,['Croatia'],right,11194,NK Lokomotiva, Zagreb,
Yann Sommer,42205,Bayern Munich,27,2022,22/23,33,GK,0,['Switzerland'],right,18,Borussia M√∂nchengladbach, Mˆnchengladbach,
Jens Stage,289835,Werder Bremen,86,2022,22/23,25,MF,0.15,['Denmark'],right,190,FC Copenhagen, Copenhagen,
Niklas Stark,162434,Werder Bremen,86,2022,22/23,27,DF,0.01,['Germany'],right,44,Hertha Berlin, Berlin,
Kevin St√∂ger,106872,VfL Bochum,80,2022,22/23,28,MF,0.15,['Austria'],left,39,1. FSV Mainz 05, Mainz,
Niklas S√ºle,166601,Borussia Dortmund,16,2022,22/23,26,DF,0.09,['Germany'],right,27,Bayern Munich, Munich,
Mattias Svanberg,342405,VfL Wolfsburg,82,2022,22/23,23,"MF,FW",0.22,['Sweden'],right,1025,Bologna, Bologna,
Alexander S√∏rloth,238407,RB Leipzig,23826,2022,22/23,26,FW,0,['Norway'],left,681,Real Sociedad, San Sebasti·n,
Mathys Tel,801734,Bayern Munich,27,2022,22/23,17,FW,0.58,['France' 'Guadeloupe'],right,273,Stade Rennais, Rennes,
Semir Telalovic,583767,Borussia M√∂nchengladbach,18,2022,22/23,22,"MF,FW",0.74,['Germany' 'Bosnia-Herzegovina'],right,1006,M'gladbach II, Mˆnchengladbach,
Morten Thorsby,226524,1. FC Union Berlin,89,2022,22/23,26,MF,0.09,['Norway'],right,1038,Sampdoria, Genoa,
Steffen Tigges,296879,1. FC K√∂ln,3,2022,22/23,24,FW,0.28,['Germany'],left,16,Borussia Dortmund, Dortmund,
Umut Tohumcu,569031,TSG 1899 Hoffenheim,533,2022,22/23,17,"MF,DF",0.04,['Germany' 'T√ºrkiye'],both,983,Hoffenheim II, Hoffenheim,
Jere Uronen,131827,FC Schalke 04,33,2022,22/23,28,DF,0.01,['Finland'],left,3911,Stade Brestois, Brest,
Josha Vagnoman,448258,VfB Stuttgart,79,2022,22/23,21,DF,0.18,"['Germany' ""Cote d'Ivoire""]",right,41,Hamburger SV, Hamburg,
Renato Veiga,805714,FC Augsburg,167,2022,22/23,19,DF,0.03,['Portugal'],left,10949,Sporting B, Lisbon,
Gabriel Vidovic,604327,Bayern Munich,27,2022,22/23,18,FW,0,['Croatia' 'Germany'],right,28,FC Bayern II, Munich,
Gabriel Vidovic,604327,Bayern Munich,27,2022,22/23,18,FW,0,['Croatia' 'Germany'],right,499,Vitesse, Arnhem,
Aster Vranckx,503881,VfL Wolfsburg,82,2022,22/23,19,MF,0,['Belgium' 'DR Congo'],right,5,AC Milan, Milan,
Robert Wagner,690429,SC Freiburg,60,2022,22/23,19,MF,0.54,['Germany'],right,245,SC Freiburg II, Freiburg,
Julian Weigl,196792,Borussia M√∂nchengladbach,18,2022,22/23,26,MF,0.05,['Germany'],right,294,Benfica, Lisbon,
Nelson Weiper,796213,1. FSV Mainz 05,39,2022,22/23,17,"FW,DF",1.52,['Germany' 'Albania'],right,5369,Mainz 05 U19, Mainz,
Mitchell Weiser,119211,Werder Bremen,86,2022,22/23,28,"DF,FW",0.09,['Germany' 'Algeria'],right,15,Bayer 04 Leverkusen, Leverkusen,
Marcel Wenig,654872,Eintracht Frankfurt,24,2022,22/23,18,MF,0,['Germany' 'Greece'],right,1462,FC Bayern U19, Munich,
Timo Werner,170527,RB Leipzig,23826,2022,22/23,26,"FW,MF",0.42,['Germany'],right,631,Chelsea, London,
Patrick Wimmer,533295,VfL Wolfsburg,82,2022,22/23,21,"FW,MF",0.24,['Austria'],right,10,Arminia Bielefeld, Bielefeld,
Frederik Winther,569349,FC Augsburg,167,2022,22/23,21,DF,0,['Denmark'],left,206,Br√∂ndby IF, Br¯ndby,
Kelvin Yeboah,589737,FC Augsburg,167,2022,22/23,22,"FW,MF",0.36,['Italy' 'Ghana'],right,252,Genoa, Genoa,
Maya Yoshida,81789,FC Schalke 04,33,2022,22/23,33,DF,0.04,['Japan'],right,1038,Sampdoria, Genoa,
Dan-Axel Zagadou,344598,VfB Stuttgart,79,2022,22/23,23,DF,0.12,"['France' ""Cote d'Ivoire""]",left,515,Without Club, N/A,
Rodrigo Zalazar,606752,FC Schalke 04,33,2022,22/23,22,"MF,FW",0.21,['Uruguay' 'Spain'],right,24,Eintracht Frankfurt, Frankfurt,
Aaron Zehnter,730484,FC Augsburg,167,2022,22/23,17,DF,0,['Germany'],left,4780,FC Augsburg U19, Augsburg,
Sargis Adamyan,125614,TSG 1899 Hoffenheim,533,2021,21/22,28,"FW,MF",0.18,['Armenia'],right,2282,Club Brugge, Bruges,
Amine Adli,532776,Bayer 04 Leverkusen,15,2021,21/22,21,"FW,MF",0.31,['Morocco' 'France'],left,415,Toulouse, Toulouse,
Naouirou Ahamada,538971,VfB Stuttgart,79,2021,21/22,19,"MF,DF",0,['France' 'Comoros'],right,41101,Juventus U23, Turin,
Nadiem Amiri,232454,Bayer 04 Leverkusen,15,2021,21/22,24,"MF,FW",0.11,['Germany' 'Afghanistan'],right,252,Genoa, Genoa,
Robert Andrich,159088,Bayer 04 Leverkusen,15,2021,21/22,26,MF,0.16,['Germany'],right,89,1. FC Union Berlin, Berlin,
Angeli√±o,277179,RB Leipzig,23826,2021,21/22,24,DF,0.05,['Spain'],left,281,Man City, Manchester,
Christopher Antwi-Adjei,289182,VfL Bochum,80,2021,21/22,27,"FW,MF",0.18,['Ghana' 'Germany'],right,127,SC Paderborn 07, Paderborn,
Takuma Asano,245744,VfL Bochum,80,2021,21/22,26,"FW,MF",0.21,['Japan'],right,515,Without Club, N/A,
Fisnik Asllani,524290,TSG 1899 Hoffenheim,533,2021,21/22,18,"MF,FW",0,['Germany' 'Kosovo'],both,983,Hoffenheim II, Hoffenheim,
Taiwo Awoniyi,295313,1. FC Union Berlin,89,2021,21/22,23,FW,0.56,['Nigeria'],right,31,Liverpool, Liverpool,
Sardar Azmoun,180337,Bayer 04 Leverkusen,15,2021,21/22,26,"FW,MF",0.74,['Iran'],both,964,Zenit S-Pb,Pb ,
Mitchel Bakker,361065,Bayer 04 Leverkusen,15,2021,21/22,21,DF,0.02,['Netherlands'],left,583,Paris SG, Paris,
Timo Baumgartl,187491,1. FC Union Berlin,89,2021,21/22,25,DF,0.06,['Germany'],right,383,PSV Eindhoven, Eindhoven,
Kevin Behrens,117432,1. FC Union Berlin,89,2021,21/22,30,FW,0.44,['Germany'],both,254,SV Sandhausen, Sandhausen,
Ishak Belfodil,111039,Hertha Berlin,44,2021,21/22,29,FW,0.21,['Algeria' 'France'],right,533,TSG 1899 Hoffenheim, Hoffenheim,
George Bello,504147,Arminia Bielefeld,10,2021,21/22,19,DF,0.02,['United States' 'Nigeria'],left,51663,Atlanta, Bergamo,
Tom Bischof,822959,TSG 1899 Hoffenheim,533,2021,21/22,16,MF,0,['Germany'],left,21082,Hoffenheim U17, Hoffenheim,
Kevin-Prince Boateng,16922,Hertha Berlin,44,2021,21/22,34,"MF,FW",0.03,['Ghana' 'Germany'],right,2919,Monza, Monza,
Sebastiaan Bornauw,338629,VfL Wolfsburg,82,2021,21/22,22,DF,0.05,['Belgium'],right,3,1. FC K√∂ln, Cologne,
Rafael Borr√©,323831,Eintracht Frankfurt,24,2021,21/22,25,FW,0.29,['Colombia'],right,209,River Plate, Buenos Aires,
Josip Brekalo,293169,VfL Wolfsburg,82,2021,21/22,23,FW,0,['Croatia'],right,416,Torino, Turin,
Brian Brobbey,473169,RB Leipzig,23826,2021,21/22,19,"FW,MF",0.42,['Netherlands' 'Ghana'],right,610,Ajax, Amsterdam,
Brian Brobbey,473169,RB Leipzig,23826,2021,21/22,19,"FW,MF",0.42,['Netherlands' 'Ghana'],right,8817,Ajax U21, Amsterdam,
Delano Burgzorg,436585,1. FSV Mainz 05,39,2021,21/22,22,MF,0.85,['Netherlands' 'Suriname'],right,1304,Heracles Almelo, Almelo,
Gonzalo Castro,28947,Arminia Bielefeld,10,2021,21/22,34,"MF,FW",0.17,['Germany' 'Spain'],right,515,Without Club, N/A,
Justin Che,796429,TSG 1899 Hoffenheim,533,2021,21/22,17,"FW,DF",0.23,['United States' 'Germany'],right,8816,Dallas, Dallas,
Max Christiansen,192300,Greuther F√ºrth,65,2021,21/22,24,MF,0.02,['Germany'],right,85,W. Mannheim, Mannheim,
Mike van der Hoorn,187105,Arminia Bielefeld,10,2021,21/22,28,DF,0,['Netherlands'],right,200,FC Utrecht, Utrecht,
Javair√¥ Dilrosun,315125,Hertha Berlin,44,2021,21/22,23,FW,0.02,['Netherlands' 'Suriname'],left,40,G. Bordeaux, Bordeaux,
Niklas Dorsch,251302,FC Augsburg,167,2021,21/22,23,MF,0.01,['Germany'],right,157,KAA Gent, Ghent,
Jeremy Dudziak,147359,Greuther F√ºrth,65,2021,21/22,25,"MF,FW",0.19,['Germany'],left,41,Hamburger SV, Hamburg,
Maximilian Eggestein,190284,SC Freiburg,60,2021,21/22,24,MF,0.05,['Germany'],right,86,Werder Bremen, Bremen,
Jurgen Ekkelenkamp,361068,Hertha Berlin,44,2021,21/22,21,"MF,FW",0.19,['Netherlands'],right,610,Ajax, Amsterdam,
Keita Endo,421726,1. FC Union Berlin,89,2021,21/22,23,MF,0.12,['Japan'],right,3828,Yokohama F. M., Yokohama,
Michael Esser,61989,VfL Bochum,80,2021,21/22,33,GK,0,['Germany'],right,42,Hannover 96, Hanover,
Wahid Faghir,610431,VfB Stuttgart,79,2021,21/22,18,FW,0.26,['Denmark' 'Afghanistan'],right,443,Vejle BK, Vejle,
Adrian Fein,379979,Greuther F√ºrth,65,2021,21/22,22,MF,0.06,['Germany'],right,27,Bayern Munich, Munich,
Edimilson Fernandes,247555,Arminia Bielefeld,10,2021,21/22,25,"MF,FW",0.02,['Switzerland' 'Portugal'],right,39,1. FSV Mainz 05, Mainz,
Marvin Friedrich,196231,Borussia M√∂nchengladbach,18,2021,21/22,25,DF,0.05,['Germany'],right,89,1. FC Union Berlin, Berlin,
Chris F√ºhrich,272278,VfB Stuttgart,79,2021,21/22,23,"FW,MF",0.17,['Germany'],right,127,SC Paderborn 07, Paderborn,
Linus Gechter,692734,Hertha Berlin,44,2021,21/22,17,DF,0.07,['Germany'],right,2827,Hertha BSC U19, Berlin,
Jens Grahl,40034,Eintracht Frankfurt,24,2021,21/22,32,GK,0,['Germany'],right,79,VfB Stuttgart, Stuttgart,
Sebastian Griesbeck,153555,Greuther F√ºrth,65,2021,21/22,30,"DF,MF",0.02,['Germany'],right,89,1. FC Union Berlin, Berlin,
Lennart Grill,309397,Bayer 04 Leverkusen,15,2021,21/22,22,GK,0,['Germany'],right,1100,SK Brann, Bergen,
Josuha Guilavogui,93704,VfL Wolfsburg,82,2021,21/22,30,"MF,DF",0.05,['France' 'Guinea'],right,40,G. Bordeaux, Bordeaux,
Lasse G√ºnther,522245,FC Augsburg,167,2021,21/22,18,DF,0.04,['Germany'],left,1462,FC Bayern U19, Munich,
Robin Hack,284010,Arminia Bielefeld,10,2021,21/22,22,"FW,MF",0.12,['Germany'],right,4,1. FC N√ºrnberg, Nuremberg,
Genki Haraguchi,79377,1. FC Union Berlin,89,2021,21/22,30,MF,0.11,['Japan'],right,42,Hannover 96, Hanover,
Luis Hartwig,571140,VfL Bochum,80,2021,21/22,18,FW,0,['Germany'],right,3862,VfL Bochum U19, Bochum,
Dominique Heintz,110036,1. FC Union Berlin,89,2021,21/22,27,DF,0.04,['Germany'],left,60,SC Freiburg, Freiburg,
Benjamin Henrichs,202591,RB Leipzig,23826,2021,21/22,24,DF,0.11,['Germany' 'Ghana'],right,162,Monaco, Monaco,
Piero Hincapi√©,659813,Bayer 04 Leverkusen,15,2021,21/22,19,DF,0.03,['Ecuador'],left,3938,CA Talleres, CÛrdoba,
Justin Hoogma,411287,Greuther F√ºrth,65,2021,21/22,23,DF,0.01,['Netherlands'],left,533,TSG 1899 Hoffenheim, Hoffenheim,
Timo H√ºbers,236981,1. FC K√∂ln,3,2021,21/22,25,DF,0.07,['Germany'],right,42,Hannover 96, Hanover,
Burak ƒ∞nce,697144,Arminia Bielefeld,10,2021,21/22,17,FW,0.34,['T√ºrkiye'],left,12374,Altinordu, ?zmir,
Marcus Ingvartsen,269878,1. FC Union Berlin,89,2021,21/22,25,MF,0.05,['Denmark'],left,39,1. FSV Mainz 05, Mainz,
Marcus Ingvartsen,269878,1. FSV Mainz 05,39,2021,21/22,25,"FW,MF",0.43,['Denmark'],left,89,1. FC Union Berlin, Berlin,
Hiroki Ito,353892,VfB Stuttgart,79,2021,21/22,22,DF,0.02,['Japan'],left,937,J√∫bilo Iwata, Iwata,
Cedric Itten,243856,Greuther F√ºrth,65,2021,21/22,24,FW,0.37,['Switzerland'],right,124,Rangers, Glasgow,
Paul Jaeckel,284248,1. FC Union Berlin,89,2021,21/22,23,DF,0,['Germany'],right,65,Greuther F√ºrth, F¸rth,
Gideon Jung,247661,Greuther F√ºrth,65,2021,21/22,26,DF,0,['Germany' 'Ghana'],right,41,Hamburger SV, Hamburg,
Anton Kade,654234,Hertha Berlin,44,2021,21/22,17,"FW,MF",0.31,['Germany'],right,2827,Hertha BSC U19, Berlin,
Stefanos Kapino,68410,Arminia Bielefeld,10,2021,21/22,27,GK,0,['Greece'],right,86,Werder Bremen, Bremen,
Rani Khedira,124410,1. FC Union Berlin,89,2021,21/22,27,MF,0.03,['Germany' 'Tunisia'],right,167,FC Augsburg, Augsburg,
Luca Kilian,384553,1. FSV Mainz 05,39,2021,21/22,21,FW,0,['Germany'],right,3,1. FC K√∂ln, Cologne,
Luca Kilian,384553,1. FC K√∂ln,3,2021,21/22,21,DF,0.05,['Germany'],right,39,1. FSV Mainz 05, Mainz,
Philipp Klement,60394,VfB Stuttgart,79,2021,21/22,28,MF,0.07,['Germany'],left,127,SC Paderborn 07, Paderborn,
Ansgar Knauff,429874,Borussia Dortmund,16,2021,21/22,19,"FW,MF",0.03,['Germany' 'Ghana'],right,17,B. Dortmund II, Dortmund,
Ansgar Knauff,429874,Eintracht Frankfurt,24,2021,21/22,19,"DF,MF",0.06,['Germany' 'Ghana'],right,16,Borussia Dortmund, Dortmund,
Gregor Kobel,257814,Borussia Dortmund,16,2021,21/22,23,GK,0,['Switzerland'],right,79,VfB Stuttgart, Stuttgart,
Odilon Kossounou,644771,Bayer 04 Leverkusen,15,2021,21/22,20,DF,0.01,"[""Cote d'Ivoire""]",right,2282,Club Brugge, Bruges,
Florian Kr√ºger,317740,Arminia Bielefeld,10,2021,21/22,22,"FW,MF",0.1,['Germany'],,94,Erzgebirge Aue, Aue,
Max Kruse,36182,VfL Wolfsburg,82,2021,21/22,33,"MF,FW",0.49,['Germany'],left,89,1. FC Union Berlin, Berlin,
Sam Lammers,386914,Eintracht Frankfurt,24,2021,21/22,24,"FW,MF",0.19,['Netherlands'],both,800,Atalanta BC, Bergamo,
Bryan Lasme,477109,Arminia Bielefeld,10,2021,21/22,22,FW,0.08,"['France' ""Cote d'Ivoire""]",right,750,FC Sochaux, MontbÈliard,
Christopher Lenz,159844,Eintracht Frankfurt,24,2021,21/22,26,DF,0.02,['Germany'],left,89,1. FC Union Berlin, Berlin,
Andreas Linde,199221,Greuther F√ºrth,65,2021,21/22,28,GK,0,['Sweden'],right,687,Molde FK, Molde,
Jesper Lindstr√∏m,513245,Eintracht Frankfurt,24,2021,21/22,21,"MF,FW",0.37,['Denmark'],right,206,Br√∂ndby IF, Br¯ndby,
Dejan Ljubicic,287188,1. FC K√∂ln,3,2021,21/22,23,"MF,FW",0.08,['Austria'],right,170,Rapid Vienna, Vienna,
J√ºrgen Locadia,166240,VfL Bochum,80,2021,21/22,27,"FW,MF",0.35,['Curacao' 'Netherlands'],right,1237,Brighton, Brighton,
Marcel Lotka,453737,Hertha Berlin,44,2021,21/22,20,GK,0,['Germany' 'Poland'],right,45,Hertha BSC II, Berlin,
Eduard L√∂wen,260655,VfL Bochum,80,2021,21/22,24,MF,0.2,['Germany' 'Russia'],right,44,Hertha Berlin, Berlin,
Anderson Lucoqui,240274,1. FSV Mainz 05,39,2021,21/22,24,DF,0.09,['Angola' 'Germany'],left,10,Arminia Bielefeld, Bielefeld,
Arne Maier,296397,FC Augsburg,167,2021,21/22,22,MF,0.07,['Germany'],right,44,Hertha Berlin, Berlin,
Donyell Malen,326029,Borussia Dortmund,16,2021,21/22,22,FW,0.24,['Netherlands' 'Suriname'],right,383,PSV Eindhoven, Eindhoven,
Myziane Maolida,371142,Hertha Berlin,44,2021,21/22,22,"FW,MF",0.16,['Comoros' 'France'],right,417,OGC Nice, Nice,
Omar Marmoush,445939,VfL Wolfsburg,82,2021,21/22,22,FW,0.22,['Egypt' 'Canada'],right,79,VfB Stuttgart, Stuttgart,
Omar Marmoush,445939,VfB Stuttgart,79,2021,21/22,22,FW,0.29,['Egypt' 'Canada'],right,82,VfL Wolfsburg, Wolfsburg,
Sven Michel,186988,1. FC Union Berlin,89,2021,21/22,31,FW,0.39,['Germany'],left,127,SC Paderborn 07, Paderborn,
Enzo Millot,569366,VfB Stuttgart,79,2021,21/22,19,MF,0,['France' 'Martinique'],left,162,Monaco, Monaco,
Kevin M√∂hwald,94137,1. FC Union Berlin,89,2021,21/22,28,MF,0.15,['Germany'],right,86,Werder Bremen, Bremen,
Ilaix Moriba,617074,RB Leipzig,23826,2021,21/22,18,MF,0.07,['Guinea' 'Spain'],right,1049,Valencia, Valencia,
Ilaix Moriba,617074,RB Leipzig,23826,2021,21/22,18,MF,0.07,['Guinea' 'Spain'],right,2464,Barcelona B, Barcelona,
Florian M√ºller,284769,VfB Stuttgart,79,2021,21/22,23,GK,0,['Germany'],left,39,1. FSV Mainz 05, Mainz,
Torben M√ºsel,368860,Borussia M√∂nchengladbach,18,2021,21/22,22,MF,0,['Germany'],right,1245,KAS Eupen, Eupen,
David Nemeth,451906,1. FSV Mainz 05,39,2021,21/22,20,DF,0,['Austria'],both,851,FSV Mainz 05 II, Mainz,
Luca Netz,524285,Borussia M√∂nchengladbach,18,2021,21/22,18,"DF,FW",0.14,['Germany'],left,44,Hertha Berlin, Berlin,
Jessic Ngankam,448177,Greuther F√ºrth,65,2021,21/22,21,FW,0.47,['Germany' 'Cameroon'],right,44,Hertha Berlin, Berlin,
Felix Nmecha,406640,VfL Wolfsburg,82,2021,21/22,20,"MF,FW",0.22,['Germany' 'England'],right,9265,Man City U23, Manchester,
Lukas Nmecha,314288,VfL Wolfsburg,82,2021,21/22,22,"FW,MF",0.49,['Germany' 'England'],right,281,Man City, Manchester,
Hugo Novoa,668276,RB Leipzig,23826,2021,21/22,18,"MF,FW",0.63,['Spain'],right,26621,RB Leipzig U19, Leipzig,
Bastian Oczipka,53437,1. FC Union Berlin,89,2021,21/22,32,DF,0.03,['Germany'],left,33,FC Schalke 04, Gelsenkirchen,
Masaya Okugawa,307052,Arminia Bielefeld,10,2021,21/22,25,"MF,FW",0.14,['Japan'],both,409,RB Salzburg, Salzburg,
Mathias Olesen,490581,1. FC K√∂ln,3,2021,21/22,20,"MF,FW",0,['Luxembourg' 'Denmark'],both,438,1.FC K√∂ln II, Cologne,
Patrick Osterhage,443331,VfL Bochum,80,2021,21/22,21,MF,0.05,['Germany'],left,17,B. Dortmund II, Dortmund,
Kevin Paredes,711517,VfL Wolfsburg,82,2021,21/22,18,"FW,DF",0,['United States' 'Dominican Republic'],left,2440,D.C. United, Washington,
Ricardo Pepi,627207,FC Augsburg,167,2021,21/22,18,"FW,MF",0.16,['United States' 'Mexico'],right,8816,Dallas, Dallas,
Jens Petter Hauge,422355,Eintracht Frankfurt,24,2021,21/22,21,"MF,FW",0.18,['Norway'],right,5,AC Milan, Milan,
Maximilian Philipp,143891,VfL Wolfsburg,82,2021,21/22,27,MF,0.11,['Germany'],right,121,Dynamo Moscow, Moscow,
Joel Pohjanpalo,173491,Bayer 04 Leverkusen,15,2021,21/22,26,FW,0,['Finland'],right,126,C. Rizespor, Rize,
Sebastian Polter,60957,VfL Bochum,80,2021,21/22,30,FW,0.35,['Germany'],right,385,Fortuna Sittard, Sittard,
Afimico Pululu,410649,Greuther F√ºrth,65,2021,21/22,22,"FW,MF",0.03,['Angola' 'France'],left,26,FC Basel, Basel,
Sidney Raebiger,717345,RB Leipzig,23826,2021,21/22,16,MF,0,['Germany'],right,32942,RB Leipzig U17, Leipzig,
Diant Ramaj,448705,Eintracht Frankfurt,24,2021,21/22,19,GK,0,['Germany' 'Kosovo'],both,2036,1. FC Heidenheim, Heidenheim,
Guilherme Ramos,340521,Arminia Bielefeld,10,2021,21/22,23,DF,0.02,['Portugal'],right,3349,Feirense, Santa Maria da Feira,
Tobias Raschl,384745,Greuther F√ºrth,65,2021,21/22,21,MF,0.02,['Germany'],right,16,Borussia Dortmund, Dortmund,
David Raum,318204,TSG 1899 Hoffenheim,533,2021,21/22,23,"DF,FW",0.05,['Germany'],left,65,Greuther F√ºrth, F¸rth,
Chris Richards,578539,TSG 1899 Hoffenheim,533,2021,21/22,21,DF,0.08,['United States'],right,27,Bayern Munich, Munich,
Chris Richards,578539,Bayern Munich,27,2021,21/22,21,DF,0,['United States'],right,533,TSG 1899 Hoffenheim, Hoffenheim,
Omar Richards,424881,Bayern Munich,27,2021,21/22,23,DF,0.06,['England' 'Jamaica'],left,1032,Reading, Reading,
Marco Richter,279009,Hertha Berlin,44,2021,21/22,23,"FW,MF",0.17,['Germany'],right,167,FC Augsburg, Augsburg,
Sebastian Rudy,57051,TSG 1899 Hoffenheim,533,2021,21/22,31,MF,0.25,['Germany'],right,33,FC Schalke 04, Gelsenkirchen,
Marcel Sabitzer,106987,Bayern Munich,27,2021,21/22,27,"MF,DF",0.21,['Austria'],right,23826,RB Leipzig, Leipzig,
Mohamed Sankoh,572919,VfB Stuttgart,79,2021,21/22,17,FW,2.18,['Netherlands' 'Sierra Leone'],right,102,Stuttgart II, Stuttgart,
Kevin Schade,473050,SC Freiburg,60,2021,21/22,19,"MF,FW",0.23,['Germany' 'Nigeria'],right,245,SC Freiburg II, Freiburg,
Andr√°s Sch√§fer,454863,1. FC Union Berlin,89,2021,21/22,22,MF,0.23,['Hungary'],right,4529,Dunajska Streda, Dunajsk· Streda,
Alessandro Sch√∂pf,118397,Arminia Bielefeld,10,2021,21/22,27,MF,0.07,['Austria'],right,33,FC Schalke 04, Gelsenkirchen,
Marvin Schw√§be,160929,1. FC K√∂ln,3,2021,21/22,26,GK,0,['Germany'],right,206,Br√∂ndby IF, Br¯ndby,
Suat Serdar,261905,Hertha Berlin,44,2021,21/22,24,"MF,FW",0.09,['Germany' 'T√ºrkiye'],right,33,FC Schalke 04, Gelsenkirchen,
Janni Serra,294534,Arminia Bielefeld,10,2021,21/22,23,FW,0.26,['Germany'],left,269,Holstein Kiel, Kiel,
Zidan Sertdemir,788445,Bayer 04 Leverkusen,15,2021,21/22,16,"MF,FW",0,['Denmark' 'T√ºrkiye'],left,14355,Nordsjaell. U19, NordsjÊlland,
Nils Seufert,279064,Greuther F√ºrth,65,2021,21/22,24,MF,0,['Germany'],both,10,Arminia Bielefeld, Bielefeld,
Nils Seufert,279064,Greuther F√ºrth,65,2021,21/22,24,MF,0,['Germany'],both,254,SV Sandhausen, Sandhausen,
Kiliann Sildillia,548348,SC Freiburg,60,2021,21/22,19,"DF,MF",0,['France' 'Guadeloupe'],right,245,SC Freiburg II, Freiburg,
Andr√© Silva,198008,RB Leipzig,23826,2021,21/22,25,FW,0.54,['Portugal'],right,24,Eintracht Frankfurt, Frankfurt,
Mohamed Simakan,666234,RB Leipzig,23826,2021,21/22,21,DF,0.04,['France' 'Guinea'],right,667,R. Strasbourg, Strasbourg,
Hugo Siquet,578680,SC Freiburg,60,2021,21/22,19,DF,0,['Belgium'],right,3057,Standard Li√®ge, LiËge,
Anton Stach,344069,1. FSV Mainz 05,39,2021,21/22,22,MF,0.1,['Germany'],both,65,Greuther F√ºrth, F¸rth,
Angelo Stiller,443710,TSG 1899 Hoffenheim,533,2021,21/22,20,MF,0.06,['Germany'],left,28,FC Bayern II, Munich,
Alexis Tibidi,750886,VfB Stuttgart,79,2021,21/22,17,"MF,FW",0.1,['France' 'Cameroon'],right,2517,Stuttgart U19, Stuttgart,
Malik Tillman,467437,Bayern Munich,27,2021,21/22,19,"FW,MF",0.14,['United States' 'Germany'],right,28,FC Bayern II, Munich,
Tiago Tom√°s,616344,VfB Stuttgart,79,2021,21/22,19,FW,0.33,['Portugal'],right,336,Sporting CP, Lisbon,
Jordan Torunarigha,227110,Hertha Berlin,44,2021,21/22,23,DF,0.05,['Nigeria' 'Germany'],left,157,KAA Gent, Ghent,
Sven Ulreich,40680,Bayern Munich,27,2021,21/22,32,GK,0,['Germany'],right,41,Hamburger SV, Hamburg,
Dayot Upamecano,344695,Bayern Munich,27,2021,21/22,22,DF,0.02,['France' 'Guinea-Bissau'],right,23826,RB Leipzig, Leipzig,
Mark Uth,112935,1. FC K√∂ln,3,2021,21/22,29,"MF,FW",0.23,['Germany'],left,33,FC Schalke 04, Gelsenkirchen,
Sebastian Vasiliadis,333516,Arminia Bielefeld,10,2021,21/22,23,MF,0.03,['Greece' 'Germany'],right,127,SC Paderborn 07, Paderborn,
Micky van de Ven,557459,VfL Wolfsburg,82,2021,21/22,20,DF,0,['Netherlands'],left,724,FC Volendam, Volendam,
Nick Viergever,93081,Greuther F√ºrth,65,2021,21/22,31,DF,0.02,['Netherlands'],left,383,PSV Eindhoven, Eindhoven,
Andreas Voglsammer,94771,1. FC Union Berlin,89,2021,21/22,29,"FW,MF",0.25,['Germany'],right,10,Arminia Bielefeld, Bielefeld,
Aster Vranckx,503881,VfL Wolfsburg,82,2021,21/22,18,MF,0.21,['Belgium' 'DR Congo'],right,354,KV Mechelen, Mechelen,
Luca Waldschmidt,196095,VfL Wolfsburg,82,2021,21/22,25,"MF,FW",0.23,['Germany'],left,294,Benfica, Lisbon,
Paul Wanner,900909,Bayern Munich,27,2021,21/22,15,"FW,MF",0,['Germany' 'Austria'],left,1462,FC Bayern U19, Munich,
Noah Wei√ühaupt,392163,SC Freiburg,60,2021,21/22,19,"MF,FW",0,['Germany'],right,245,SC Freiburg II, Freiburg,
Silvan Widmer,168989,1. FSV Mainz 05,39,2021,21/22,28,DF,0.07,['Switzerland'],right,26,FC Basel, Basel,
Jetro Willems,146258,Greuther F√ºrth,65,2021,21/22,27,DF,0.04,['Netherlands' 'Curacao'],left,24,Eintracht Frankfurt, Frankfurt,
Patrick Wimmer,533295,Arminia Bielefeld,10,2021,21/22,20,"FW,MF",0.16,['Austria'],right,14,Austria Vienna, Vienna,
Jonas Wind,391004,VfL Wolfsburg,82,2021,21/22,22,"FW,MF",0.34,['Denmark'],right,190,FC Copenhagen, Copenhagen,
Hannes Wolf,321070,Borussia M√∂nchengladbach,18,2021,21/22,22,"FW,MF",0.07,['Austria'],left,2288,Swansea, Swansea,
Hannes Wolf,321070,Borussia M√∂nchengladbach,18,2021,21/22,22,"FW,MF",0.07,['Austria'],left,23826,RB Leipzig, Leipzig,
Joscha Wosz,597004,RB Leipzig,23826,2021,21/22,19,DF,0,['Germany'],right,440,Hallescher FC, Halle,
Joscha Wosz,597004,RB Leipzig,23826,2021,21/22,19,DF,0,['Germany'],right,26621,RB Leipzig U19, Leipzig,
Deyovaisio Zeefuik,338032,Hertha Berlin,44,2021,21/22,23,DF,0,['Netherlands' 'Suriname'],right,164,Blackburn, Blackburn,
Andi Zeqiri,345468,FC Augsburg,167,2021,21/22,22,"FW,MF",0.25,['Switzerland' 'Kosovo'],left,1237,Brighton, Brighton,
Amir Abrashi,66005,SC Freiburg,60,2020,20/21,30,"MF,DF",0,['Albania' 'Switzerland'],right,26,FC Basel, Basel,
Ragnar Ache,416380,Eintracht Frankfurt,24,2020,20/21,22,"FW,DF",0.13,['Germany' 'Ghana'],right,468,Sparta R., Prague,
Felix Agu,393512,Werder Bremen,86,2020,20/21,20,DF,0.08,['Germany' 'Nigeria'],right,81,VfL Osnabr√ºck, Osnabr¸ck,
Naouirou Ahamada,538971,VfB Stuttgart,79,2020,20/21,18,MF,0.08,['France' 'Comoros'],right,41101,Juventus U23, Turin,
Omar Alderete,353032,Hertha Berlin,44,2020,20/21,23,DF,0.02,['Paraguay'],left,26,FC Basel, Basel,
Sebastian Andersson,147573,1. FC K√∂ln,3,2020,20/21,29,FW,0.49,['Sweden'],right,89,1. FC Union Berlin, Berlin,
Waldemar Anton,193004,VfB Stuttgart,79,2020,20/21,24,DF,0.04,['Germany'],right,42,Hannover 96, Hanover,
Santiago Arias,120443,Bayer 04 Leverkusen,15,2020,20/21,28,DF,0,['Colombia'],right,13,Atl√©tico Madrid, Madrid,
Tolu Arokodare,683571,1. FC K√∂ln,3,2020,20/21,19,"FW,MF",0.2,['Nigeria'],right,5084,Valmiera, Valmiera,
Taiwo Awoniyi,295313,1. FC Union Berlin,89,2020,20/21,22,FW,0.4,['Nigeria'],right,31,Liverpool, Liverpool,
Ridle Baku,327251,VfL Wolfsburg,82,2020,20/21,22,"FW,DF",0.12,['Germany' 'DR Congo'],right,39,1. FSV Mainz 05, Mainz,
Jacob Barrett Laursen,185164,Arminia Bielefeld,10,2020,20/21,25,DF,0.01,['Denmark'],left,173,Odense BK, Odense,
Timo Becker,282349,FC Schalke 04,33,2020,20/21,23,DF,0.01,['Germany'],right,34,Schalke 04 II, Gelsenkirchen,
Maximilian Beier,578392,TSG 1899 Hoffenheim,533,2020,20/21,17,"FW,DF",0,['Germany'],right,8925,Hoffenheim U19, Hoffenheim,
Jude Bellingham,581678,Borussia Dortmund,16,2020,20/21,17,MF,0.13,['England' 'Ireland'],right,337,Birmingham, Birmingham,
L√°szl√≥ B√©nes,243188,FC Augsburg,167,2020,20/21,22,MF,0.07,['Slovakia'],left,18,Borussia M√∂nchengladbach, Mˆnchengladbach,
L√°szl√≥ B√©nes,243188,Borussia M√∂nchengladbach,18,2020,20/21,22,MF,0.03,['Slovakia'],left,167,FC Augsburg, Augsburg,
Leonardo Bittencourt,93844,Werder Bremen,86,2020,20/21,26,"MF,FW",0.26,['Germany' 'Brazil'],right,533,TSG 1899 Hoffenheim, Hoffenheim,
Melayro Bogarde,476915,TSG 1899 Hoffenheim,533,2020,20/21,18,"DF,MF",0.05,['Netherlands' 'Suriname'],right,8925,Hoffenheim U19, Hoffenheim,
Elias B√∂rdner,569288,Eintracht Frankfurt,24,2020,20/21,18,GK,0,['Germany'],right,5372,Frankfurt U19, Frankfurt,
Dennis Borkowski,467426,RB Leipzig,23826,2020,20/21,18,"MF,FW",0,['Germany'],right,26621,RB Leipzig U19, Leipzig,
Jacob Bruun Larsen,293281,TSG 1899 Hoffenheim,533,2020,20/21,21,"MF,FW",0,['Denmark'],right,58,RSC Anderlecht, Brussels,
Marius B√ºlter,116088,1. FC Union Berlin,89,2020,20/21,27,"FW,MF",0.14,['Germany'],right,187,Magdeburg, Magdeburg,
Kerim Calhanoglu,553905,FC Schalke 04,33,2020,20/21,17,DF,0.02,['Germany' 'T√ºrkiye'],left,1463,Schalke 04 U19, Gelsenkirchen,
Daniel Caligiuri,38410,FC Augsburg,167,2020,20/21,32,"MF,FW",0.16,['Italy' 'Germany'],right,33,FC Schalke 04, Gelsenkirchen,
Emre Can,119296,Borussia Dortmund,16,2020,20/21,26,"DF,MF",0.04,['Germany' 'T√ºrkiye'],right,506,Juventus, Turin,
Tahith Chong,344830,Werder Bremen,86,2020,20/21,20,"MF,FW",0.08,['Netherlands' 'Curacao'],left,985,Man Utd, Manchester,
Jhon C√≥rdoba,185245,Hertha Berlin,44,2020,20/21,27,FW,0.41,['Colombia'],right,3,1. FC K√∂ln, Cologne,
Sergio C√≥rdova,377387,Arminia Bielefeld,10,2020,20/21,22,"FW,MF",0.29,['Venezuela'],right,167,FC Augsburg, Augsburg,
Danny da Costa,85906,1. FSV Mainz 05,39,2020,20/21,27,"DF,FW",0.01,['Germany' 'Angola'],right,24,Eintracht Frankfurt, Frankfurt,
Danny da Costa,85906,Eintracht Frankfurt,24,2020,20/21,27,DF,0.13,['Germany' 'Angola'],right,39,1. FSV Mainz 05, Mainz,
Douglas Costa,75615,Bayern Munich,27,2020,20/21,29,"FW,MF",0.04,['Brazil'],left,506,Juventus, Turin,
Leon Dajaku,483974,1. FC Union Berlin,89,2020,20/21,19,FW,0,['Germany' 'Kosovo'],right,28,FC Bayern II, Munich,
Tiago Dantas,429987,Bayern Munich,27,2020,20/21,19,MF,0,['Portugal'],right,294,Benfica, Lisbon,
M√°rton D√°rdai,432281,Hertha Berlin,44,2020,20/21,18,"DF,MF",0.01,['Hungary' 'Germany'],left,45,Hertha BSC II, Berlin,
Emmanuel Dennis,448854,1. FC K√∂ln,3,2020,20/21,22,FW,0.12,['Nigeria'],right,2282,Club Brugge, Bruges,
Mike van der Hoorn,187105,Arminia Bielefeld,10,2020,20/21,27,DF,0.03,['Netherlands'],right,2288,Swansea, Swansea,
Eren Dink√ßi,645774,Werder Bremen,86,2020,20/21,18,"MF,FW",0.43,['T√ºrkiye' 'Germany'],right,87,W. Bremen II, Bremen,
Ritsu Doan,358504,Arminia Bielefeld,10,2020,20/21,22,"MF,FW",0.17,['Japan'],left,383,PSV Eindhoven, Eindhoven,
Ondrej Duda,232418,1. FC K√∂ln,3,2020,20/21,25,"FW,MF",0.23,['Slovakia'],right,44,Hertha Berlin, Berlin,
Johannes Eggestein,251303,Werder Bremen,86,2020,20/21,22,"FW,MF",0,['Germany'],right,413,LASK, Linz,
Lilian Egloff,472243,VfB Stuttgart,79,2020,20/21,17,MF,0,['Germany'],right,2517,Stuttgart U19, Stuttgart,
Keita Endo,421726,1. FC Union Berlin,89,2020,20/21,22,"MF,FW",0.28,['Japan'],right,3828,Yokohama F. M., Yokohama,
Wataru Endo,146310,VfB Stuttgart,79,2020,20/21,27,MF,0.08,['Japan'],right,475,Sint-Truiden,Truiden ,Truiden
Patrick Erras,193859,Werder Bremen,86,2020,20/21,25,"FW,MF",0,['Germany'],right,4,1. FC N√ºrnberg, Nuremberg,
Timothy Fosu-Mensah,315131,Bayer 04 Leverkusen,15,2020,20/21,22,DF,0.03,['Netherlands' 'Ghana'],right,985,Man Utd, Manchester,
Jeremie Frimpong,484547,Bayer 04 Leverkusen,15,2020,20/21,19,"DF,FW",0.03,['Netherlands' 'Ghana'],right,371,Celtic, Glasgow,
Christian Gebauer,275423,Arminia Bielefeld,10,2020,20/21,26,"MF,FW",0.25,['Austria'],right,3551,SCR Altach, Altach,
Emrehan Gedikli,580276,Bayer 04 Leverkusen,15,2020,20/21,17,FW,0,['T√ºrkiye' 'Germany'],right,21054,Leverkusen U17, Leverkusen,
Niko Gie√üelmann,72792,1. FC Union Berlin,89,2020,20/21,28,DF,0.02,['Germany'],left,38,Fortuna D√ºsseldorf, D¸sseldorf,
Robert Glatzel,196139,1. FSV Mainz 05,39,2020,20/21,26,FW,0.7,['Germany'],both,603,Cardiff, Cardiff,
Demarai Gray,292417,Bayer 04 Leverkusen,15,2020,20/21,24,FW,0.28,['Jamaica' 'England'],right,1003,Leicester, Leicester,
Sebastian Griesbeck,153555,1. FC Union Berlin,89,2020,20/21,29,MF,0.05,['Germany'],right,2036,1. FC Heidenheim, Heidenheim,
Lennart Grill,309397,Bayer 04 Leverkusen,15,2020,20/21,21,GK,0,['Germany'],right,2,1. FC Kaiserslautern, Kaiserslautern,
Christian Gro√ü,58396,Werder Bremen,86,2020,20/21,31,"MF,DF",0.02,['Germany'],both,87,W. Bremen II, Bremen,
Matt√©o Guendouzi,465830,Hertha Berlin,44,2020,20/21,21,MF,0.05,['France' 'Morocco'],right,11,Arsenal, London,
Robert Gumny,353826,FC Augsburg,167,2020,20/21,22,DF,0.03,['Poland'],right,238,Lech Poznan, Pozna?,
Benjamin Henrichs,202591,RB Leipzig,23826,2020,20/21,23,"DF,MF",0.03,['Germany' 'Ghana'],right,162,Monaco, Monaco,
Matthew Hoppe,678194,FC Schalke 04,33,2020,20/21,19,FW,0.26,['United States'],right,34,Schalke 04 II, Gelsenkirchen,
Klaas-Jan Huntelaar,4357,FC Schalke 04,33,2020,20/21,36,FW,0.54,['Netherlands'],right,610,Ajax, Amsterdam,
Marco John,450234,TSG 1899 Hoffenheim,533,2020,20/21,18,DF,0.01,['Germany'],left,8925,Hoffenheim U19, Hoffenheim,
Luka Joviƒá,257462,Eintracht Frankfurt,24,2020,20/21,22,FW,0.29,['Serbia' 'Bosnia-Herzegovina'],right,418,Real Madrid, Madrid,
Ozan Kabak,361260,FC Schalke 04,33,2020,20/21,20,DF,0.07,['T√ºrkiye'],right,31,Liverpool, Liverpool,
Loris Karius,85864,1. FC Union Berlin,89,2020,20/21,27,GK,0,['Germany'],right,31,Liverpool, Liverpool,
Yannik Keitel,342039,SC Freiburg,60,2020,20/21,20,MF,0.05,['Germany'],both,245,SC Freiburg II, Freiburg,
Sami Khedira,29401,Hertha Berlin,44,2020,20/21,33,MF,0.01,['Germany' 'Tunisia'],right,506,Juventus, Turin,
Luca Kilian,384553,1. FSV Mainz 05,39,2020,20/21,20,DF,0.02,['Germany'],right,127,SC Paderborn 07, Paderborn,
Felix Klaus,89591,VfL Wolfsburg,82,2020,20/21,27,"DF,MF",0.01,['Germany'],right,38,Fortuna D√ºsseldorf, D¸sseldorf,
Justin Kluivert,330659,RB Leipzig,23826,2020,20/21,21,"FW,MF",0.4,['Netherlands' 'Suriname'],both,12,AS Roma, Rome,
Robin Knoche,94201,1. FC Union Berlin,89,2020,20/21,28,DF,0.04,['Germany'],right,82,VfL Wolfsburg, Wolfsburg,
Gregor Kobel,257814,VfB Stuttgart,79,2020,20/21,22,GK,0,['Switzerland'],right,533,TSG 1899 Hoffenheim, Hoffenheim,
Dominik Kohr,118847,1. FSV Mainz 05,39,2020,20/21,26,MF,0.07,['Germany'],right,24,Eintracht Frankfurt, Frankfurt,
Max Kruse,36182,1. FC Union Berlin,89,2020,20/21,32,"FW,MF",0.38,['Germany'],left,36,Fenerbahce, Istanbul,
Ahmed Kutucu,452084,FC Schalke 04,33,2020,20/21,20,"FW,MF",0.05,['T√ºrkiye' 'Germany'],right,1304,Heracles Almelo, Almelo,
Maxence Lacroix,434224,VfL Wolfsburg,82,2020,20/21,20,DF,0.05,['France' 'Guadeloupe'],right,750,FC Sochaux, MontbÈliard,
Valentino Lazaro,186368,Borussia M√∂nchengladbach,18,2020,20/21,24,"DF,FW",0.16,['Austria'],right,46,Inter Milan, Milan,
Eduard L√∂wen,260655,Hertha Berlin,44,2020,20/21,23,"MF,DF",0.04,['Germany' 'Russia'],right,167,FC Augsburg, Augsburg,
Kilian Ludewig,361516,FC Schalke 04,33,2020,20/21,20,"DF,FW",0,['Germany'],right,409,RB Salzburg, Salzburg,
Andreas Luthe,41323,1. FC Union Berlin,89,2020,20/21,33,GK,0,['Germany'],right,167,FC Augsburg, Augsburg,
Tim Maciejewski,392156,1. FC Union Berlin,89,2020,20/21,19,FW,0,['Germany'],right,7802,U. Berlin U19, Berlin,
Arne Maier,296397,Arminia Bielefeld,10,2020,20/21,21,MF,0.05,['Germany'],right,44,Hertha Berlin, Berlin,
Arne Maier,296397,Hertha Berlin,44,2020,20/21,21,MF,0,['Germany'],right,10,Arminia Bielefeld, Bielefeld,
Omar Marmoush,445939,VfL Wolfsburg,82,2020,20/21,21,FW,0,['Egypt' 'Canada'],right,35,FC St. Pauli, Hamburg,
Omar Marmoush,445939,VfL Wolfsburg,82,2020,20/21,21,FW,0,['Egypt' 'Canada'],right,143,Wolfsburg II, Wolfsburg,
Aar√≥n Mart√≠n,251878,1. FSV Mainz 05,39,2020,20/21,23,"DF,FW",0.01,['Spain'],left,940,Celta de Vigo, Vigo,
Rabbi Matondo,404384,FC Schalke 04,33,2020,20/21,19,"FW,MF",0,['Wales' 'England'],right,512,Stoke City, Stoke,Trent
Konstantinos Mavropanos,415912,VfB Stuttgart,79,2020,20/21,22,DF,0.1,['Greece'],right,11,Arsenal, London,
Eric Maxim Choupo-Moting,45660,Bayern Munich,27,2020,20/21,31,"FW,MF",0.51,['Cameroon' 'Germany'],right,583,Paris SG, Paris,
Nathan de Medina,285951,Arminia Bielefeld,10,2020,20/21,22,DF,0,['Belgium' 'DR Congo'],right,29228,Mouscron, Mouscron,
Thomas Meunier,100986,Borussia Dortmund,16,2020,20/21,28,DF,0.06,['Belgium'],right,583,Paris SG, Paris,
Max Meyer,146164,1. FC K√∂ln,3,2020,20/21,24,MF,0.21,['Germany'],right,873,Crystal Palace, London,
Anthony Modeste,50512,1. FC K√∂ln,3,2020,20/21,32,FW,0.74,['France' 'Martinique'],right,618,Saint-√âtienne,…tienne ,…tienne
Youssoufa Moukoko,467720,Borussia Dortmund,16,2020,20/21,15,"FW,MF",0.47,['Germany' 'Cameroon'],left,1464,B. Dortmund U19, Dortmund,
Florian M√ºller,284769,SC Freiburg,60,2020,20/21,22,GK,0,['Germany'],left,39,1. FSV Mainz 05, Mainz,
Sebastian M√ºller,392139,Arminia Bielefeld,10,2020,20/21,19,"MF,DF",0,['Germany'],right,81,VfL Osnabr√ºck, Osnabr¸ck,
Petar Musa,387110,1. FC Union Berlin,89,2020,20/21,22,FW,0.41,['Croatia'],right,62,Slavia Prague, Prague,
Jamal Musiala,580195,Bayern Munich,27,2020,20/21,17,"FW,MF",0.29,['Germany' 'England'],right,1462,FC Bayern U19, Munich,
Shkodran Mustafi,88590,FC Schalke 04,33,2020,20/21,28,DF,0.05,['Germany' 'Albania'],right,11,Arsenal, London,
Paul Nebel,503160,1. FSV Mainz 05,39,2020,20/21,17,"MF,FW",0,['Germany' 'Ireland'],both,5369,Mainz 05 U19, Mainz,
Luca Netz,524285,Hertha Berlin,44,2020,20/21,17,"DF,FW",0.21,['Germany'],left,2827,Hertha BSC U19, Berlin,
Jessic Ngankam,448177,Hertha Berlin,44,2020,20/21,20,FW,0.12,['Germany' 'Cameroon'],right,45,Hertha BSC II, Berlin,
Tanguy Nianzou,538996,Bayern Munich,27,2020,20/21,18,"DF,FW",0,"['France' ""Cote d'Ivoire""]",right,583,Paris SG, Paris,
Alexander N√ºbel,195778,Bayern Munich,27,2020,20/21,23,GK,0,['Germany'],right,33,FC Schalke 04, Gelsenkirchen,
Masaya Okugawa,307052,Arminia Bielefeld,10,2020,20/21,24,MF,0.11,['Japan'],both,409,RB Salzburg, Salzburg,
Gon√ßalo Paci√™ncia,181547,FC Schalke 04,33,2020,20/21,25,FW,0.19,['Portugal'],right,24,Eintracht Frankfurt, Frankfurt,
Maximilian Philipp,143891,VfL Wolfsburg,82,2020,20/21,26,MF,0.28,['Germany'],right,121,Dynamo Moscow, Moscow,
Joel Pohjanpalo,173491,1. FC Union Berlin,89,2020,20/21,25,FW,0.7,['Finland'],right,15,Bayer 04 Leverkusen, Leverkusen,
Joel Pohjanpalo,173491,Bayer 04 Leverkusen,15,2020,20/21,25,MF,0,['Finland'],right,89,1. FC Union Berlin, Berlin,
Reinier,627226,Borussia Dortmund,16,2020,20/21,18,"MF,FW",0.17,['Brazil'],right,418,Real Madrid, Madrid,
Rocco Reitz,467434,Borussia M√∂nchengladbach,18,2020,20/21,18,MF,0,['Germany'],right,4121,M'gladbach U19, Mˆnchengladbach,
Chris Richards,578539,TSG 1899 Hoffenheim,533,2020,20/21,20,DF,0.01,['United States'],right,27,Bayern Munich, Munich,
Chris Richards,578539,Bayern Munich,27,2020,20/21,20,DF,0,['United States'],right,28,FC Bayern II, Munich,
Chris Richards,578539,Bayern Munich,27,2020,20/21,20,DF,0,['United States'],right,533,TSG 1899 Hoffenheim, Hoffenheim,
Marc Roca,336869,Bayern Munich,27,2020,20/21,23,MF,0.11,['Spain'],left,714,Espanyol, Barcelona,
Sebastian Rudy,57051,TSG 1899 Hoffenheim,533,2020,20/21,30,"MF,FW",0.04,['Germany'],right,33,FC Schalke 04, Gelsenkirchen,
Sebastian Rudy,57051,FC Schalke 04,33,2020,20/21,30,DF,0.01,['Germany'],right,533,TSG 1899 Hoffenheim, Hoffenheim,
Georginio Rutter,538977,TSG 1899 Hoffenheim,533,2020,20/21,18,FW,0.25,['France' 'Martinique'],left,273,Stade Rennais, Rennes,
Leroy San√©,192565,Bayern Munich,27,2020,20/21,24,"FW,MF",0.27,['Germany' 'France'],left,281,Man City, Manchester,
Baptiste Santamaria,285323,SC Freiburg,60,2020,20/21,25,MF,0.09,['France'],right,1420,Angers SCO, Angers,
Bouna Sarr,190685,Bayern Munich,27,2020,20/21,28,DF,0.01,['Senegal' 'France'],right,244,Marseille, Marseille,
Patrik Schick,242086,Bayer 04 Leverkusen,15,2020,20/21,24,FW,0.44,['Czech Republic'],left,12,AS Roma, Rome,
Nico Schlotterbeck,388198,1. FC Union Berlin,89,2020,20/21,20,DF,0.16,['Germany'],left,60,SC Freiburg, Freiburg,
Alexander Schwolow,93763,Hertha Berlin,44,2020,20/21,28,GK,0,['Germany'],right,60,SC Freiburg, Freiburg,
Ryan Sessegnon,392775,TSG 1899 Hoffenheim,533,2020,20/21,20,"DF,FW",0.05,['England'],left,148,Tottenham, London,
Tim Siersleben,337092,VfL Wolfsburg,82,2020,20/21,20,DF,0.13,['Germany'],left,143,Wolfsburg II, Wolfsburg,
Andr√© Silva,198008,Eintracht Frankfurt,24,2020,20/21,24,FW,0.83,['Portugal'],right,5,AC Milan, Milan,
Pascal Stenzel,195246,VfB Stuttgart,79,2020,20/21,24,DF,0.01,['Germany'],right,60,SC Freiburg, Freiburg,
Kevin St√∂ger,106872,1. FSV Mainz 05,39,2020,20/21,26,"MF,FW",0.3,['Austria'],left,515,Without Club, N/A,
Tobias Strobl,57845,FC Augsburg,167,2020,20/21,30,MF,0.04,['Germany'],right,18,Borussia M√∂nchengladbach, Mˆnchengladbach,
Alexander S√∏rloth,238407,RB Leipzig,23826,2020,20/21,24,FW,0.4,['Norway'],left,873,Crystal Palace, London,
Cedric Teuchert,207597,1. FC Union Berlin,89,2020,20/21,23,"FW,MF",0.44,['Germany'],right,33,FC Schalke 04, Gelsenkirchen,
Malick Thiaw,521964,FC Schalke 04,33,2020,20/21,18,DF,0.04,['Germany' 'Finland'],right,1463,Schalke 04 U19, Gelsenkirchen,
Steffen Tigges,296879,Borussia Dortmund,16,2020,20/21,22,"FW,DF",0.23,['Germany'],left,17,B. Dortmund II, Dortmund,
Guus Til,372267,SC Freiburg,60,2020,20/21,22,FW,0.48,['Netherlands'],right,232,Spartak Moscow, Moscow,
√ñmer Toprak,43512,Werder Bremen,86,2020,20/21,31,DF,0.03,['T√ºrkiye' 'Germany'],right,16,Borussia Dortmund, Dortmund,
Michel Vlap,342702,Arminia Bielefeld,10,2020,20/21,23,"MF,FW",0.13,['Netherlands'],right,58,RSC Anderlecht, Brussels,
William,341710,VfL Wolfsburg,82,2020,20/21,25,"MF,FW",0,['Brazil'],right,33,FC Schalke 04, Gelsenkirchen,
William,341710,FC Schalke 04,33,2020,20/21,25,"DF,FW",0.04,['Brazil'],right,82,VfL Wolfsburg, Wolfsburg,
Florian Wirtz,598577,Bayer 04 Leverkusen,15,2020,20/21,17,MF,0.16,['Germany'],right,4713,Leverkusen U19, Leverkusen,
Hannes Wolf,321070,Borussia M√∂nchengladbach,18,2020,20/21,21,"MF,FW",0.12,['Austria'],left,23826,RB Leipzig, Leipzig,
Marius Wolf,193900,1. FC K√∂ln,3,2020,20/21,25,"MF,DF",0.11,['Germany'],right,16,Borussia Dortmund, Dortmund,
Nick Woltemade,455661,Werder Bremen,86,2020,20/21,18,"MF,FW",0.2,['Germany'],right,2491,W. Bremen U19, Bremen,
Amin Younes,96167,Eintracht Frankfurt,24,2020,20/21,26,MF,0.18,['Germany' 'Lebanon'],right,6195,SSC Napoli, Naples,
Deyovaisio Zeefuik,338032,Hertha Berlin,44,2020,20/21,22,"DF,FW",0.02,['Netherlands' 'Suriname'],right,202,FC Groningen, Groningen,
Ron-Robert Zieler,21327,1. FC K√∂ln,3,2020,20/21,31,GK,0,['Germany'],right,42,Hannover 96, Hanover,
Joshua Zirkzee,435648,Bayern Munich,27,2020,20/21,19,FW,0.23,['Netherlands' 'Nigeria'],right,28,FC Bayern II, Munich,
Joshua Zirkzee,435648,Bayern Munich,27,2020,20/21,19,FW,0.23,['Netherlands' 'Nigeria'],right,130,Parma, Parma,
Steven Zuber,68033,Eintracht Frankfurt,24,2020,20/21,28,"DF,MF",0.08,['Switzerland'],right,533,TSG 1899 Hoffenheim, Hoffenheim,
Suleiman Abdullahi,356118,1. FC Union Berlin,89,2019,19/20,22,"FW,MF",0.65,['Nigeria'],right,23,E. Braunschweig, Braunschweig,
Sargis Adamyan,125614,TSG 1899 Hoffenheim,533,2019,19/20,26,"FW,MF",0.71,['Armenia'],right,109,J. Regensburg, Regensburg,
Paco Alc√°cer,126716,Borussia Dortmund,16,2019,19/20,25,FW,0.67,['Spain'],right,131,Barcelona, Barcelona,
Nadiem Amiri,232454,Bayer 04 Leverkusen,15,2019,19/20,22,"MF,FW",0.1,['Germany' 'Afghanistan'],right,533,TSG 1899 Hoffenheim, Hoffenheim,
Ethan Ampadu,392771,RB Leipzig,23826,2019,19/20,18,DF,0.11,['Wales' 'England'],right,631,Chelsea, London,
Robert Andrich,159088,1. FC Union Berlin,89,2019,19/20,24,MF,0.09,['Germany'],right,2036,1. FC Heidenheim, Heidenheim,
Angeli√±o,277179,RB Leipzig,23826,2019,19/20,22,"DF,FW",0.07,['Spain'],left,281,Man City, Manchester,
Santiago Ascac√≠bar,423436,Hertha Berlin,44,2019,19/20,22,MF,0.01,['Argentina'],right,79,VfB Stuttgart, Stuttgart,
Taiwo Awoniyi,295313,1. FSV Mainz 05,39,2019,19/20,21,"FW,MF",0.59,['Nigeria'],right,31,Liverpool, Liverpool,
Lewis Baker,198589,Fortuna D√ºsseldorf,38,2019,19/20,24,MF,0.09,['England' 'Jamaica'],right,631,Chelsea, London,
Noah Joel Sarenren Bazee,283001,FC Augsburg,167,2019,19/20,22,FW,0.23,['Germany' 'Nigeria'],right,42,Hannover 96, Hanover,
Ihlas Bebou,237164,TSG 1899 Hoffenheim,533,2019,19/20,25,"FW,MF",0.19,['Togo' 'Germany'],right,42,Hannover 96, Hanover,
Sheraldo Becker,188888,1. FC Union Berlin,89,2019,19/20,24,"MF,FW",0.03,['Suriname' 'Netherlands'],right,1268,ADO Den Haag, The Hague,
Ramy Bensebaini,284732,Borussia M√∂nchengladbach,18,2019,19/20,24,DF,0.27,['Algeria'],left,273,Stade Rennais, Rennes,
Valon Berisha,145115,Fortuna D√ºsseldorf,38,2019,19/20,26,MF,0.09,['Kosovo' 'Norway'],right,398,Lazio, Rome,
Jordan Beyer,403898,Borussia M√∂nchengladbach,18,2019,19/20,19,DF,0,['Germany'],right,41,Hamburger SV, Hamburg,
Leonardo Bittencourt,93844,TSG 1899 Hoffenheim,533,2019,19/20,25,MF,0.99,['Germany' 'Brazil'],right,86,Werder Bremen, Bremen,
Leonardo Bittencourt,93844,Werder Bremen,86,2019,19/20,25,"FW,MF",0.14,['Germany' 'Brazil'],right,533,TSG 1899 Hoffenheim, Hoffenheim,
Sebastiaan Bornauw,338629,1. FC K√∂ln,3,2019,19/20,20,DF,0.1,['Belgium'],right,58,RSC Anderlecht, Brussels,
Dedryck Boyata,88262,Hertha Berlin,44,2019,19/20,28,DF,0.06,['Belgium' 'DR Congo'],right,371,Celtic, Glasgow,
Julian Brandt,187492,Borussia Dortmund,16,2019,19/20,23,"MF,FW",0.15,['Germany'],right,15,Bayer 04 Leverkusen, Leverkusen,
Jeffrey Bruma,88721,VfL Wolfsburg,82,2019,19/20,27,DF,0.09,['Netherlands' 'Suriname'],right,39,1. FSV Mainz 05, Mainz,
Jeffrey Bruma,88721,1. FSV Mainz 05,39,2019,19/20,27,DF,0.08,['Netherlands' 'Suriname'],right,82,VfL Wolfsburg, Wolfsburg,
Jacob Bruun Larsen,293281,TSG 1899 Hoffenheim,533,2019,19/20,20,"FW,MF",0.05,['Denmark'],right,16,Borussia Dortmund, Dortmund,
Marius B√ºlter,116088,1. FC Union Berlin,89,2019,19/20,26,"MF,FW",0.14,['Germany'],right,187,Magdeburg, Magdeburg,
Emre Can,119296,Borussia Dortmund,16,2019,19/20,25,"MF,DF",0.11,['Germany' 'T√ºrkiye'],right,506,Juventus, Turin,
Darko Churlinov,386786,1. FC K√∂ln,3,2019,19/20,19,MF,0,['North Macedonia'],right,1461,1.FC K√∂ln U19, Cologne,
Philippe Coutinho,80444,Bayern Munich,27,2019,19/20,27,"MF,FW",0.55,['Brazil' 'Portugal'],right,131,Barcelona, Barcelona,
Matheus Cunha,517894,Hertha Berlin,44,2019,19/20,20,"FW,MF",0.4,['Brazil'],right,23826,RB Leipzig, Leipzig,
Kerem Demirbay,125858,Bayer 04 Leverkusen,15,2019,19/20,26,MF,0.19,['Germany' 'T√ºrkiye'],left,533,TSG 1899 Hoffenheim, Hoffenheim,
Moussa Diaby,395516,Bayer 04 Leverkusen,15,2019,19/20,20,"FW,MF",0.26,['France' 'Mali'],left,583,Paris SG, Paris,
Bas Dost,56331,Eintracht Frankfurt,24,2019,19/20,30,FW,0.48,['Netherlands'],right,336,Sporting CP, Lisbon,
Ondrej Duda,232418,Hertha Berlin,44,2019,19/20,24,MF,0.11,['Slovakia'],right,1123,Norwich, Norwich,
Erik Durm,93922,Eintracht Frankfurt,24,2019,19/20,27,"DF,FW",0.11,['Germany'],right,1110,Huddersfield, Huddersfield,
Kingsley Ehizibue,272812,1. FC K√∂ln,3,2019,19/20,24,DF,0.05,['Netherlands' 'Nigeria'],right,1269,PEC Zwolle, Zwolle,
Breel Embolo,237662,Borussia M√∂nchengladbach,18,2019,19/20,22,"FW,MF",0.6,['Switzerland' 'Cameroon'],right,33,FC Schalke 04, Gelsenkirchen,
Antony Evans,374283,SC Paderborn 07,127,2019,19/20,20,"MF,DF",0.04,['England'],right,9261,Everton U23, Liverpool,
Simon Falette,170927,Eintracht Frankfurt,24,2019,19/20,27,DF,0,['Guinea' 'France'],left,36,Fenerbahce, Istanbul,
Edimilson Fernandes,247555,1. FSV Mainz 05,39,2019,19/20,23,"MF,DF",0.05,['Switzerland' 'Portugal'],right,379,West Ham, London,
Marco Friedl,156990,Werder Bremen,86,2019,19/20,21,"DF,MF",0.04,['Austria'],left,27,Bayern Munich, Munich,
Marvin Friedrich,196231,1. FC Union Berlin,89,2019,19/20,23,DF,0.08,['Germany'],right,167,FC Augsburg, Augsburg,
Niclas F√ºllkrug,75489,Werder Bremen,86,2019,19/20,26,FW,0.39,['Germany'],right,42,Hannover 96, Hanover,
Christian Gentner,19112,1. FC Union Berlin,89,2019,19/20,33,MF,0.09,['Germany'],right,79,VfB Stuttgart, Stuttgart,
Benjamin Goller,388058,Werder Bremen,86,2019,19/20,20,"FW,MF",0.05,['Germany'],right,33,FC Schalke 04, Gelsenkirchen,
J√©r√¥me Gondorf,77108,SC Freiburg,60,2019,19/20,31,MF,0.04,['Germany'],right,48,Karlsruher SC, Karlsruhe,
Michael Gregoritsch,120205,FC Augsburg,167,2019,19/20,25,"MF,FW",0.07,['Austria'],left,33,FC Schalke 04, Gelsenkirchen,
Michael Gregoritsch,120205,FC Schalke 04,33,2019,19/20,25,FW,0.42,['Austria'],left,167,FC Augsburg, Augsburg,
Vincenzo Grifo,185077,SC Freiburg,60,2019,19/20,26,"MF,FW",0.19,['Italy'],right,533,TSG 1899 Hoffenheim, Hoffenheim,
Carlos Gruezo,189475,FC Augsburg,167,2019,19/20,24,MF,0.02,['Ecuador'],right,8816,Dallas, Dallas,
Erling Haaland,418560,Borussia Dortmund,16,2019,19/20,19,FW,0.74,['Norway'],left,409,RB Salzburg, Salzburg,
Martin Harnik,31159,Werder Bremen,86,2019,19/20,32,"MF,FW",0,['Austria' 'Germany'],right,41,Hamburger SV, Hamburg,
Thorgan Hazard,102226,Borussia Dortmund,16,2019,19/20,26,"FW,MF",0.21,['Belgium'],right,18,Borussia M√∂nchengladbach, Mˆnchengladbach,
Lucas Hern√°ndez,281963,Bayern Munich,27,2019,19/20,23,DF,0.04,['France' 'Spain'],left,13,Atl√©tico Madrid, Madrid,
Martin Hinteregger,85789,Eintracht Frankfurt,24,2019,19/20,26,DF,0.13,['Austria'],left,167,FC Augsburg, Augsburg,
Gerrit Holtmann,190289,SC Paderborn 07,127,2019,19/20,24,"MF,DF",0.1,['Philippines' 'Germany'],left,39,1. FSV Mainz 05, Mainz,
Mats Hummels,39728,Borussia Dortmund,16,2019,19/20,30,DF,0.07,['Germany'],right,27,Bayern Munich, Munich,
Jannik Huth,160954,SC Paderborn 07,127,2019,19/20,25,GK,0,['Germany'],right,39,1. FSV Mainz 05, Mainz,
Iago,520468,FC Augsburg,167,2019,19/20,22,"DF,MF",0.09,['Brazil'],left,6600,Internacional, Porto Alegre,
Stefan Ilsanker,40074,Eintracht Frankfurt,24,2019,19/20,30,"DF,MF",0.12,['Austria'],right,23826,RB Leipzig, Leipzig,
Marcus Ingvartsen,269878,1. FC Union Berlin,89,2019,19/20,23,"MF,FW",0.2,['Denmark'],left,1184,KRC Genk, Genk,
Ismail Jakobs,375137,1. FC K√∂ln,3,2019,19/20,19,"FW,DF",0.12,['Senegal' 'Germany'],left,438,1.FC K√∂ln II, Cologne,
Laurent Jans,163724,SC Paderborn 07,127,2019,19/20,26,DF,0.01,['Luxembourg'],right,347,FC Metz, Metz,
Dennis Jastrzembski,358870,SC Paderborn 07,127,2019,19/20,19,"MF,FW",0.17,['Germany' 'Poland'],left,44,Hertha Berlin, Berlin,
Tin Jedvaj,206386,FC Augsburg,167,2019,19/20,23,DF,0.06,['Croatia'],right,15,Bayer 04 Leverkusen, Leverkusen,
Ozan Kabak,361260,FC Schalke 04,33,2019,19/20,19,DF,0.09,['T√ºrkiye'],right,79,VfB Stuttgart, Stuttgart,
Florian Kastenmeier,255294,Fortuna D√ºsseldorf,38,2019,19/20,22,GK,0,['Germany'],right,102,Stuttgart II, Stuttgart,
Noah Katterbach,469949,1. FC K√∂ln,3,2019,19/20,18,DF,0.01,['Germany'],left,1461,1.FC K√∂ln U19, Cologne,
Jonjoe Kenny,258883,FC Schalke 04,33,2019,19/20,22,DF,0.04,['England'],right,29,Everton, Liverpool,
Luca Kilian,384553,SC Paderborn 07,127,2019,19/20,19,DF,0,['Germany'],right,17,B. Dortmund II, Dortmund,
Dominik Kohr,118847,Eintracht Frankfurt,24,2019,19/20,25,MF,0.1,['Germany'],right,15,Bayer 04 Leverkusen, Leverkusen,
Dawid Kownacki,208167,Fortuna D√ºsseldorf,38,2019,19/20,22,"FW,MF",0.19,['Poland'],right,1038,Sampdoria, Genoa,
Tom Krau√ü,405687,RB Leipzig,23826,2019,19/20,18,MF,0,['Germany'],right,26621,RB Leipzig U19, Leipzig,
Stefan Lainer,85791,Borussia M√∂nchengladbach,18,2019,19/20,26,DF,0.06,['Austria'],right,409,RB Salzburg, Salzburg,
Michael Lang,51346,Werder Bremen,86,2019,19/20,28,"DF,FW",0.04,['Switzerland'],right,18,Borussia M√∂nchengladbach, Mˆnchengladbach,
Toni Leistner,86916,1. FC K√∂ln,3,2019,19/20,28,DF,0.02,['Germany'],right,1039,QPR, London,
Stephan Lichtsteiner,2865,FC Augsburg,167,2019,19/20,35,DF,0,['Switzerland'],right,11,Arsenal, London,
J√ºrgen Locadia,166240,TSG 1899 Hoffenheim,533,2019,19/20,25,FW,0.64,['Curacao' 'Netherlands'],right,1237,Brighton, Brighton,
Ademola Lookman,406040,RB Leipzig,23826,2019,19/20,21,"FW,MF",0.38,['Nigeria' 'England'],right,29,Everton, Liverpool,
Eduard L√∂wen,260655,FC Augsburg,167,2019,19/20,22,MF,0.11,['Germany' 'Russia'],right,44,Hertha Berlin, Berlin,
Eduard L√∂wen,260655,Hertha Berlin,44,2019,19/20,22,MF,0.06,['Germany' 'Russia'],right,4,1. FC N√ºrnberg, Nuremberg,
Yunus Mallƒ±,85352,1. FC Union Berlin,89,2019,19/20,27,"MF,FW",0.16,['T√ºrkiye' 'Germany'],right,82,VfL Wolfsburg, Wolfsburg,
Streli Mamba,161060,SC Paderborn 07,127,2019,19/20,25,FW,0.27,['Germany' 'DR Congo'],right,25,Energie Cottbus, Cottbus,
Aar√≥n Mart√≠n,251878,1. FSV Mainz 05,39,2019,19/20,22,DF,0.02,['Spain'],left,714,Espanyol, Barcelona,
Alexandru Maxim,129513,1. FSV Mainz 05,39,2019,19/20,29,"MF,DF",0.09,['Romania'],right,2832,Gaziantep FK, Gaziantep,
Kevin Mbabu,183321,VfL Wolfsburg,82,2019,19/20,24,DF,0.09,['Switzerland' 'DR Congo'],right,452,BSC Young Boys, Bern,
Levent Mercan,388820,FC Schalke 04,33,2019,19/20,18,"MF,FW",0.06,['T√ºrkiye' 'Germany'],both,1463,Schalke 04 U19, Gelsenkirchen,
Juan Miranda,341227,FC Schalke 04,33,2019,19/20,19,DF,0.02,['Spain'],left,131,Barcelona, Barcelona,
Moritz Nicolas,284270,1. FC Union Berlin,89,2019,19/20,21,GK,0,['Germany'],right,18,Borussia M√∂nchengladbach, Mˆnchengladbach,
Florian Niederlechner,152963,FC Augsburg,167,2019,19/20,28,"FW,MF",0.46,['Germany'],right,60,SC Freiburg, Freiburg,
Christopher Nkunku,344381,RB Leipzig,23826,2019,19/20,21,"MF,FW",0.36,['France' 'DR Congo'],right,583,Paris SG, Paris,
Lukas Nmecha,314288,VfL Wolfsburg,82,2019,19/20,20,"MF,FW",0.39,['Germany' 'England'],right,281,Man City, Manchester,
√Ålvaro Odriozola,280730,Bayern Munich,27,2019,19/20,23,DF,0,['Spain'],right,418,Real Madrid, Madrid,
Kelvin Ofori,687035,Fortuna D√ºsseldorf,38,2019,19/20,18,MF,0.07,['Ghana'],left,40902,Right to Dream, N/A,
Dani Olmo,293385,RB Leipzig,23826,2019,19/20,21,"MF,FW",0.21,['Spain'],right,419,Dinamo Zagreb, Zagreb,
Paulo Ot√°vio,221611,VfL Wolfsburg,82,2019,19/20,24,DF,0.03,['Brazil'],left,4795,FC Ingolstadt, Ingolstadt,
Reece Oxford,314295,FC Augsburg,167,2019,19/20,20,MF,0.02,['England' 'Jamaica'],right,379,West Ham, London,
Exequiel Palacios,401578,Bayer 04 Leverkusen,15,2019,19/20,20,MF,0.11,['Argentina'],right,209,River Plate, Buenos Aires,
Benjamin Pavard,353366,Bayern Munich,27,2019,19/20,23,DF,0.06,['France'],right,79,VfB Stuttgart, Stuttgart,
Mads Pedersen,288429,FC Augsburg,167,2019,19/20,22,DF,0,['Denmark'],left,260,FC Z√ºrich, Z¸rich,
Mads Pedersen,288429,FC Augsburg,167,2019,19/20,22,DF,0,['Denmark'],left,2778,Nordsjaelland, NordsjÊlland,
Philipp Pentke,8246,TSG 1899 Hoffenheim,533,2019,19/20,34,GK,0,['Germany'],right,109,J. Regensburg, Regensburg,
Rona√´l Pierre-Gabriel,410185,1. FSV Mainz 05,39,2019,19/20,21,DF,0.01,['France' 'Martinique'],right,162,Monaco, Monaco,
Thomas Pledl,131561,Fortuna D√ºsseldorf,38,2019,19/20,25,"MF,FW",0.05,['Germany'],right,4795,FC Ingolstadt, Ingolstadt,
Joel Pohjanpalo,173491,Bayer 04 Leverkusen,15,2019,19/20,24,MF,0,['Finland'],right,41,Hamburger SV, Hamburg,
Benito Raman,112930,FC Schalke 04,33,2019,19/20,24,FW,0.24,['Belgium'],right,38,Fortuna D√ºsseldorf, D¸sseldorf,
Tobias Raschl,384745,Borussia Dortmund,16,2019,19/20,19,MF,0,['Germany'],right,1464,B. Dortmund U19, Dortmund,
Daishawn Redan,361081,Hertha Berlin,44,2019,19/20,18,MF,0.64,['Suriname' 'Netherlands'],right,202,FC Groningen, Groningen,
Daishawn Redan,361081,Hertha Berlin,44,2019,19/20,18,MF,0.64,['Suriname' 'Netherlands'],right,9250,Chelsea U23, London,
Panagiotis Retsos,324351,Bayer 04 Leverkusen,15,2019,19/20,20,DF,0,['Greece'],right,350,Sheff Utd, Sheffield,
Sebastian Rode,44466,Eintracht Frankfurt,24,2019,19/20,28,MF,0.03,['Germany'],right,16,Borussia Dortmund, Dortmund,
Sebastian Rudy,57051,TSG 1899 Hoffenheim,533,2019,19/20,29,"MF,DF",0.04,['Germany'],right,33,FC Schalke 04, Gelsenkirchen,
Victor S√°,381724,VfL Wolfsburg,82,2019,19/20,25,"MF,FW",0.22,['Brazil'],both,413,LASK, Linz,
Abdelhamid Sabiri,340394,SC Paderborn 07,127,2019,19/20,22,MF,0.26,['Morocco' 'Germany'],right,1110,Huddersfield, Huddersfield,
Louis Schaub,147485,1. FC K√∂ln,3,2019,19/20,24,MF,0.15,['Austria'],left,41,Hamburger SV, Hamburg,
Patrik Schick,242086,RB Leipzig,23826,2019,19/20,23,FW,0.5,['Czech Republic'],left,12,AS Roma, Rome,
Kingsley Schindler,153678,1. FC K√∂ln,3,2019,19/20,26,"FW,MF",0.11,['Ghana' 'Germany'],right,269,Holstein Kiel, Kiel,
Xaver Schlager,223979,VfL Wolfsburg,82,2019,19/20,21,MF,0.08,['Austria'],left,409,RB Salzburg, Salzburg,
Keven Schlotterbeck,413843,1. FC Union Berlin,89,2019,19/20,22,DF,0.04,['Germany'],left,60,SC Freiburg, Freiburg,
Nico Schlotterbeck,388198,SC Freiburg,60,2019,19/20,19,DF,0.06,['Germany'],left,245,SC Freiburg II, Freiburg,
Jonathan Schmid,70285,SC Freiburg,60,2019,19/20,29,DF,0.1,['France'],right,167,FC Augsburg, Augsburg,
Manuel Schmiedebach,41507,1. FC Union Berlin,89,2019,19/20,30,MF,0,['Germany'],right,42,Hannover 96, Hanover,
Markus Schubert,296741,FC Schalke 04,33,2019,19/20,21,GK,0,['Germany'],right,129,Dynamo Dresden, Dresden,
Nico Schulz,85867,Borussia Dortmund,16,2019,19/20,26,"DF,MF",0.06,['Germany'],left,533,TSG 1899 Hoffenheim, Hoffenheim,
Davie Selke,178459,Werder Bremen,86,2019,19/20,24,FW,0.27,['Germany'],right,44,Hertha Berlin, Berlin,
Andr√© Silva,198008,Eintracht Frankfurt,24,2019,19/20,23,FW,0.62,['Portugal'],right,5,AC Milan, Milan,
Daley Sinkgraven,215099,Bayer 04 Leverkusen,15,2019,19/20,24,"DF,MF",0,['Netherlands'],left,610,Ajax, Amsterdam,
Ellyes Skhiri,290587,1. FC K√∂ln,3,2019,19/20,24,MF,0.07,['Tunisia' 'France'],right,969,Montpellier, Montpellier,
Robert Skov,270393,TSG 1899 Hoffenheim,533,2019,19/20,23,"DF,FW",0.19,['Denmark'],left,190,FC Copenhagen, Copenhagen,
Steven Skrzybski,93827,Fortuna D√ºsseldorf,38,2019,19/20,26,"FW,MF",0.24,['Germany'],right,33,FC Schalke 04, Gelsenkirchen,
Lasse Sobiech,79503,1. FC K√∂ln,3,2019,19/20,28,DF,0,['Germany'],right,29228,Mouscron, Mouscron,
Djibril Sow,212723,Eintracht Frankfurt,24,2019,19/20,22,MF,0.09,['Switzerland' 'Senegal'],right,452,BSC Young Boys, Bern,
Dennis Srbeny,159239,SC Paderborn 07,127,2019,19/20,25,"FW,MF",0.23,['Germany'],right,1123,Norwich, Norwich,
Jerry St. Juste,288253,1. FSV Mainz 05,39,2019,19/20,22,DF,0.03,['Netherlands' 'St. Kitts & Nevis'],right,234,Feyenoord, Rotterdam,
Zack Steffen,221624,Fortuna D√ºsseldorf,38,2019,19/20,24,GK,0,['United States'],right,281,Man City, Manchester,
Markus Suttner,31514,Fortuna D√ºsseldorf,38,2019,19/20,32,DF,0.04,['Austria'],left,1237,Brighton, Brighton,
√Åd√°m Szalai,39106,1. FSV Mainz 05,39,2019,19/20,31,FW,0.36,['Hungary'],right,533,TSG 1899 Hoffenheim, Hoffenheim,
Edmond Tapsoba,564545,Bayer 04 Leverkusen,15,2019,19/20,20,DF,0.02,['Burkina Faso'],right,2420,Vit. Guimar√£es, Guimar„es,
Bernard Tekpetey,422380,Fortuna D√ºsseldorf,38,2019,19/20,21,"FW,MF",0.08,['Ghana' 'Bulgaria'],right,33,FC Schalke 04, Gelsenkirchen,
Lino Tempelmann,378883,SC Freiburg,60,2019,19/20,20,MF,0.08,['Germany'],right,245,SC Freiburg II, Freiburg,
Niclas Thiede,348778,SC Freiburg,60,2019,19/20,20,GK,0,['Germany'],both,245,SC Freiburg II, Freiburg,
Jan Thielmann,472249,1. FC K√∂ln,3,2019,19/20,17,"FW,MF",0.05,['Germany'],right,1461,1.FC K√∂ln U19, Cologne,
Erik Thommy,156779,Fortuna D√ºsseldorf,38,2019,19/20,24,"MF,FW",0.18,['Germany'],right,79,VfB Stuttgart, Stuttgart,
Marcus Thuram,318528,Borussia M√∂nchengladbach,18,2019,19/20,21,FW,0.42,['France' 'Guadeloupe'],right,855,Guingamp, Guingamp,
Jean-Clair Todibo,605184,FC Schalke 04,33,2019,19/20,19,DF,0.07,['France' 'French Guiana'],right,131,Barcelona, Barcelona,
√ñmer Toprak,43512,Werder Bremen,86,2019,19/20,30,DF,0.03,['T√ºrkiye' 'Germany'],right,16,Borussia Dortmund, Dortmund,
Kevin Trapp,45672,Eintracht Frankfurt,24,2019,19/20,29,GK,0,['Germany'],right,583,Paris SG, Paris,
Anthony Ujah,142281,1. FC Union Berlin,89,2019,19/20,28,"FW,MF",0.25,['Nigeria' 'Germany'],right,39,1. FSV Mainz 05, Mainz,
Mark Uth,112935,1. FC K√∂ln,3,2019,19/20,27,"MF,FW",0.51,['Germany'],left,33,FC Schalke 04, Gelsenkirchen,
Mark Uth,112935,FC Schalke 04,33,2019,19/20,27,"FW,MF",0.23,['Germany'],left,3,1. FC K√∂ln, Cologne,
Birger Verstraete,234193,1. FC K√∂ln,3,2019,19/20,25,MF,0.05,['Belgium'],right,157,KAA Gent, Ghent,
Kevin Vogt,84435,TSG 1899 Hoffenheim,533,2019,19/20,27,DF,0,['Germany'],right,86,Werder Bremen, Bremen,
Kevin Vogt,84435,Werder Bremen,86,2019,19/20,27,"DF,MF",0.01,['Germany'],right,533,TSG 1899 Hoffenheim, Hoffenheim,
Hannes Wolf,321070,RB Leipzig,23826,2019,19/20,20,"FW,MF",0,['Austria'],left,409,RB Salzburg, Salzburg,
Marius Wolf,193900,Hertha Berlin,44,2019,19/20,24,"FW,MF",0.07,['Germany'],right,16,Borussia Dortmund, Dortmund,
